This is pdfTeX, Version 3.141592653-2.6-1.40.28 (TeX Live 2025) (preloaded format=pdflatex 2025.12.7)  1 MAY 2026 09:33
entering extended mode
 restricted \write18 enabled.
 file:line:error style messages enabled.
 %&-line parsing enabled.
**"c:/Users/USER/Desktop/New folder/graduation_project/main.tex"
(c:/Users/USER/Desktop/New folder/graduation_project/main.tex
LaTeX2e <2025-11-01>
L3 programming layer <2025-11-14>
(c:/texlive/2025/texmf-dist/tex/latex/base/report.cls
Document Class: report 2025/01/22 v1.4n Standard LaTeX document class
(c:/texlive/2025/texmf-dist/tex/latex/base/size12.clo
File: size12.clo 2025/01/22 v1.4n Standard LaTeX file (size option)
)
\c@part=\count275
\c@chapter=\count276
\c@section=\count277
\c@subsection=\count278
\c@subsubsection=\count279
\c@paragraph=\count280
\c@subparagraph=\count281
\c@figure=\count282
\c@table=\count283
\abovecaptionskip=\skip49
\belowcaptionskip=\skip50
\bibindent=\dimen148
) (c:/texlive/2025/texmf-dist/tex/latex/fontsize/fontsize.sty
Package: fontsize 2024/12/04 v0.9 'fontsize' package. Set main font sizes (Ivan Valbusa)
 (c:/texlive/2025/texmf-dist/tex/latex/xkeyval/xkeyval.sty
Package: xkeyval 2025/11/04 v2.10 package option processing (HA)
 (c:/texlive/2025/texmf-dist/tex/generic/xkeyval/xkeyval.tex (c:/texlive/2025/texmf-dist/tex/generic/xkeyval/xkvutils.tex
\XKV@toks=\toks17
\XKV@tempa@toks=\toks18
\XKV@tempb@toks=\toks19
 (c:/texlive/2025/texmf-dist/tex/generic/xkeyval/keyval.tex))
\XKV@depth=\count284
File: xkeyval.tex 2014/12/03 v2.7a key=value parser (HA)
)))

LaTeX Font Warning: Font shape `OT1/cmr/m/n' in size <13> not available
(Font)              size <12> substituted on input line 3.

(c:/texlive/2025/texmf-dist/tex/latex/a4wide/a4wide.sty
Package: a4wide 1994/08/30
 (c:/texlive/2025/texmf-dist/tex/latex/ntgclass/a4.sty
Package: a4 2023/01/10 v1.2g A4 based page layout
)) (c:/texlive/2025/texmf-dist/tex/latex/amsfonts/amssymb.sty
Package: amssymb 2013/01/14 v3.01 AMS font symbols
 (c:/texlive/2025/texmf-dist/tex/latex/amsfonts/amsfonts.sty
Package: amsfonts 2013/01/14 v3.01 Basic AMSFonts support
\@emptytoks=\toks20
\symAMSa=\mathgroup4
\symAMSb=\mathgroup5
LaTeX Font Info:    Redeclaring math symbol \hbar on input line 98.
LaTeX Font Info:    Overwriting math alphabet `\mathfrak' in version `bold'
(Font)                  U/euf/m/n --> U/euf/b/n on input line 106.
)) (c:/texlive/2025/texmf-dist/tex/latex/graphics/epsfig.sty
Package: epsfig 2024/01/14 v1.7b (e)psfig emulation (SPQR)
 (c:/texlive/2025/texmf-dist/tex/latex/graphics/graphicx.sty
Package: graphicx 2024/12/31 v1.2e Enhanced LaTeX Graphics (DPC,SPQR)
 (c:/texlive/2025/texmf-dist/tex/latex/graphics/graphics.sty
Package: graphics 2024/08/06 v1.4g Standard LaTeX Graphics (DPC,SPQR)
 (c:/texlive/2025/texmf-dist/tex/latex/graphics/trig.sty
Package: trig 2023/12/02 v1.11 sin cos tan (DPC)
) (c:/texlive/2025/texmf-dist/tex/latex/graphics-cfg/graphics.cfg
File: graphics.cfg 2016/06/04 v1.11 sample graphics configuration
)
Package graphics Info: Driver file: pdftex.def on input line 106.
 (c:/texlive/2025/texmf-dist/tex/latex/graphics-def/pdftex.def
File: pdftex.def 2025/09/29 v1.2d Graphics/color driver for pdftex
))
\Gin@req@height=\dimen149
\Gin@req@width=\dimen150
)
\epsfxsize=\dimen151
\epsfysize=\dimen152
) (c:/texlive/2025/texmf-dist/tex/latex/base/latexsym.sty
Package: latexsym 1998/08/17 v2.2e Standard LaTeX package (lasy symbols)
\symlasy=\mathgroup6
LaTeX Font Info:    Overwriting symbol font `lasy' in version `bold'
(Font)                  U/lasy/m/n --> U/lasy/b/n on input line 52.
) (c:/texlive/2025/texmf-dist/tex/latex/tools/multicol.sty
Package: multicol 2025/10/21 v2.0b multicolumn formatting (FMi)
\c@tracingmulticols=\count285
\mult@box=\box53
\multicol@leftmargin=\dimen153
\c@unbalance=\count286
\c@collectmore=\count287
\doublecol@number=\count288
\multicoltolerance=\count289
\multicolpretolerance=\count290
\full@width=\dimen154
\page@free=\dimen155
\premulticols=\dimen156
\postmulticols=\dimen157
\multicolsep=\skip51
\multicolbaselineskip=\skip52
\partial@page=\box54
\last@line=\box55
\mc@boxedresult=\box56
\maxbalancingoverflow=\dimen158
\mult@rightbox=\box57
\mult@grightbox=\box58
\mult@firstbox=\box59
\mult@gfirstbox=\box60
\@tempa=\box61
\@tempa=\box62
\@tempa=\box63
\@tempa=\box64
\@tempa=\box65
\@tempa=\box66
\@tempa=\box67
\@tempa=\box68
\@tempa=\box69
\@tempa=\box70
\@tempa=\box71
\@tempa=\box72
\@tempa=\box73
\@tempa=\box74
\@tempa=\box75
\@tempa=\box76
\@tempa=\box77
\@tempa=\box78
\@tempa=\box79
\@tempa=\box80
\@tempa=\box81
\@tempa=\box82
\@tempa=\box83
\@tempa=\box84
\@tempa=\box85
\@tempa=\box86
\@tempa=\box87
\@tempa=\box88
\@tempa=\box89
\@tempa=\box90
\@tempa=\box91
\@tempa=\box92
\@tempa=\box93
\@tempa=\box94
\@tempa=\box95
\@tempa=\box96
\c@minrows=\count291
\c@columnbadness=\count292
\c@finalcolumnbadness=\count293
\last@try=\dimen159
\multicolovershoot=\dimen160
\multicolundershoot=\dimen161
\mult@nat@firstbox=\box97
\colbreak@box=\box98
\mc@col@check@num=\count294
\g__mc_curr_col_int=\count295
) (c:/texlive/2025/texmf-dist/tex/latex/tools/array.sty
Package: array 2025/09/25 v2.6n Tabular extension package (FMi)
\col@sep=\dimen162
\ar@mcellbox=\box99
\extrarowheight=\dimen163
\NC@list=\toks21
\extratabsurround=\skip53
\backup@length=\skip54
\ar@cellbox=\box100
) (c:/texlive/2025/texmf-dist/tex/latex/tools/hhline.sty
Package: hhline 2020/01/04 v2.04 Table rule package (DPC)
) (c:/texlive/2025/texmf-dist/tex/latex/fancyhdr/fancyhdr.sty
Package: fancyhdr 2025/02/07 v5.2 Extensive control of page headers and footers
\f@nch@headwidth=\skip55
\f@nch@offset@elh=\skip56
\f@nch@offset@erh=\skip57
\f@nch@offset@olh=\skip58
\f@nch@offset@orh=\skip59
\f@nch@offset@elf=\skip60
\f@nch@offset@erf=\skip61
\f@nch@offset@olf=\skip62
\f@nch@offset@orf=\skip63
\f@nch@height=\skip64
\f@nch@footalignment=\skip65
\f@nch@widthL=\skip66
\f@nch@widthC=\skip67
\f@nch@widthR=\skip68
\@temptokenb=\toks22
) (c:/texlive/2025/texmf-dist/tex/latex/fancyvrb/fancyvrb.sty
Package: fancyvrb 2025/07/28 4.6 verbatim text (tvz,hv)
\FV@CodeLineNo=\count296
\FV@InFile=\read2
\FV@TabBox=\box101
\c@FancyVerbLine=\count297
\FV@StepNumber=\count298
\FV@OutFile=\write3
) (c:/texlive/2025/texmf-dist/tex/latex/vntex/vntex.sty
Package: vntex 2009/07/12 v1.1 support for Vietnamese
 (c:/texlive/2025/texmf-dist/tex/latex/base/ifthen.sty
Package: ifthen 2024/03/16 v1.1e Standard LaTeX ifthen package (DPC)
) (c:/texlive/2025/texmf-dist/tex/latex/base/fontenc.sty
Package: fontenc 2025/07/18 v2.1d Standard LaTeX package
 (c:/texlive/2025/texmf-dist/tex/latex/vntex/t5enc.def
File: t5enc.def 2006/11/21 v1.4 Vietnamese T5 encoding
Now handling font encoding T5 ...
... processing UTF-8 mapping file for font encoding T5
 (c:/texlive/2025/texmf-dist/tex/latex/vntex/t5enc.dfu
File: t5enc.dfu 2006/08/19 v1.1 UTF8 support for Vietnamese
   defining Unicode char U+00AB (decimal 171)
   defining Unicode char U+00BB (decimal 187)
   defining Unicode char U+00C0 (decimal 192)
   defining Unicode char U+00C1 (decimal 193)
   defining Unicode char U+00C2 (decimal 194)
   defining Unicode char U+00C3 (decimal 195)
   defining Unicode char U+00C8 (decimal 200)
   defining Unicode char U+00C9 (decimal 201)
   defining Unicode char U+00CA (decimal 202)
   defining Unicode char U+00CC (decimal 204)
   defining Unicode char U+00CD (decimal 205)
   defining Unicode char U+00D2 (decimal 210)
   defining Unicode char U+00D3 (decimal 211)
   defining Unicode char U+00D4 (decimal 212)
   defining Unicode char U+00D5 (decimal 213)
   defining Unicode char U+00D9 (decimal 217)
   defining Unicode char U+00DA (decimal 218)
   defining Unicode char U+00DD (decimal 221)
   defining Unicode char U+00E0 (decimal 224)
   defining Unicode char U+00E1 (decimal 225)
   defining Unicode char U+00E2 (decimal 226)
   defining Unicode char U+00E3 (decimal 227)
   defining Unicode char U+00E8 (decimal 232)
   defining Unicode char U+00E9 (decimal 233)
   defining Unicode char U+00EA (decimal 234)
   defining Unicode char U+00EC (decimal 236)
   defining Unicode char U+00ED (decimal 237)
   defining Unicode char U+00F2 (decimal 242)
   defining Unicode char U+00F3 (decimal 243)
   defining Unicode char U+00F4 (decimal 244)
   defining Unicode char U+00F5 (decimal 245)
   defining Unicode char U+00F9 (decimal 249)
   defining Unicode char U+00FA (decimal 250)
   defining Unicode char U+00FD (decimal 253)
   defining Unicode char U+0102 (decimal 258)
   defining Unicode char U+0103 (decimal 259)
   defining Unicode char U+0110 (decimal 272)
   defining Unicode char U+0111 (decimal 273)
   defining Unicode char U+0128 (decimal 296)
   defining Unicode char U+0129 (decimal 297)
   defining Unicode char U+0131 (decimal 305)
   defining Unicode char U+0168 (decimal 360)
   defining Unicode char U+0169 (decimal 361)
   defining Unicode char U+01A0 (decimal 416)
   defining Unicode char U+01A1 (decimal 417)
   defining Unicode char U+01AF (decimal 431)
   defining Unicode char U+01B0 (decimal 432)
   defining Unicode char U+1EA0 (decimal 7840)
   defining Unicode char U+1EA1 (decimal 7841)
   defining Unicode char U+1EA2 (decimal 7842)
   defining Unicode char U+1EA3 (decimal 7843)
   defining Unicode char U+1EA4 (decimal 7844)
   defining Unicode char U+1EA5 (decimal 7845)
   defining Unicode char U+1EA6 (decimal 7846)
   defining Unicode char U+1EA7 (decimal 7847)
   defining Unicode char U+1EA8 (decimal 7848)
   defining Unicode char U+1EA9 (decimal 7849)
   defining Unicode char U+1EAA (decimal 7850)
   defining Unicode char U+1EAB (decimal 7851)
   defining Unicode char U+1EAC (decimal 7852)
   defining Unicode char U+1EAD (decimal 7853)
   defining Unicode char U+1EAE (decimal 7854)
   defining Unicode char U+1EAF (decimal 7855)
   defining Unicode char U+1EB0 (decimal 7856)
   defining Unicode char U+1EB1 (decimal 7857)
   defining Unicode char U+1EB2 (decimal 7858)
   defining Unicode char U+1EB3 (decimal 7859)
   defining Unicode char U+1EB4 (decimal 7860)
   defining Unicode char U+1EB5 (decimal 7861)
   defining Unicode char U+1EB6 (decimal 7862)
   defining Unicode char U+1EB7 (decimal 7863)
   defining Unicode char U+1EB8 (decimal 7864)
   defining Unicode char U+1EB9 (decimal 7865)
   defining Unicode char U+1EBA (decimal 7866)
   defining Unicode char U+1EBB (decimal 7867)
   defining Unicode char U+1EBC (decimal 7868)
   defining Unicode char U+1EBD (decimal 7869)
   defining Unicode char U+1EBE (decimal 7870)
   defining Unicode char U+1EBF (decimal 7871)
   defining Unicode char U+1EC0 (decimal 7872)
   defining Unicode char U+1EC1 (decimal 7873)
   defining Unicode char U+1EC2 (decimal 7874)
   defining Unicode char U+1EC3 (decimal 7875)
   defining Unicode char U+1EC4 (decimal 7876)
   defining Unicode char U+1EC5 (decimal 7877)
   defining Unicode char U+1EC6 (decimal 7878)
   defining Unicode char U+1EC7 (decimal 7879)
   defining Unicode char U+1EC8 (decimal 7880)
   defining Unicode char U+1EC9 (decimal 7881)
   defining Unicode char U+1ECA (decimal 7882)
   defining Unicode char U+1ECB (decimal 7883)
   defining Unicode char U+1ECC (decimal 7884)
   defining Unicode char U+1ECD (decimal 7885)
   defining Unicode char U+1ECE (decimal 7886)
   defining Unicode char U+1ECF (decimal 7887)
   defining Unicode char U+1ED0 (decimal 7888)
   defining Unicode char U+1ED1 (decimal 7889)
   defining Unicode char U+1ED2 (decimal 7890)
   defining Unicode char U+1ED3 (decimal 7891)
   defining Unicode char U+1ED4 (decimal 7892)
   defining Unicode char U+1ED5 (decimal 7893)
   defining Unicode char U+1ED6 (decimal 7894)
   defining Unicode char U+1ED7 (decimal 7895)
   defining Unicode char U+1ED8 (decimal 7896)
   defining Unicode char U+1ED9 (decimal 7897)
   defining Unicode char U+1EDA (decimal 7898)
   defining Unicode char U+1EDB (decimal 7899)
   defining Unicode char U+1EDC (decimal 7900)
   defining Unicode char U+1EDD (decimal 7901)
   defining Unicode char U+1EDE (decimal 7902)
   defining Unicode char U+1EDF (decimal 7903)
   defining Unicode char U+1EE0 (decimal 7904)
   defining Unicode char U+1EE1 (decimal 7905)
   defining Unicode char U+1EE2 (decimal 7906)
   defining Unicode char U+1EE3 (decimal 7907)
   defining Unicode char U+1EE4 (decimal 7908)
   defining Unicode char U+1EE5 (decimal 7909)
   defining Unicode char U+1EE6 (decimal 7910)
   defining Unicode char U+1EE7 (decimal 7911)
   defining Unicode char U+1EE8 (decimal 7912)
   defining Unicode char U+1EE9 (decimal 7913)
   defining Unicode char U+1EEA (decimal 7914)
   defining Unicode char U+1EEB (decimal 7915)
   defining Unicode char U+1EEC (decimal 7916)
   defining Unicode char U+1EED (decimal 7917)
   defining Unicode char U+1EEE (decimal 7918)
   defining Unicode char U+1EEF (decimal 7919)
   defining Unicode char U+1EF0 (decimal 7920)
   defining Unicode char U+1EF1 (decimal 7921)
   defining Unicode char U+1EF2 (decimal 7922)
   defining Unicode char U+1EF3 (decimal 7923)
   defining Unicode char U+1EF4 (decimal 7924)
   defining Unicode char U+1EF5 (decimal 7925)
   defining Unicode char U+1EF6 (decimal 7926)
   defining Unicode char U+1EF7 (decimal 7927)
   defining Unicode char U+1EF8 (decimal 7928)
   defining Unicode char U+1EF9 (decimal 7929)
   defining Unicode char U+200C (decimal 8204)
   defining Unicode char U+2013 (decimal 8211)
   defining Unicode char U+2014 (decimal 8212)
   defining Unicode char U+2018 (decimal 8216)
   defining Unicode char U+2019 (decimal 8217)
   defining Unicode char U+201A (decimal 8218)
   defining Unicode char U+201C (decimal 8220)
   defining Unicode char U+201D (decimal 8221)
   defining Unicode char U+201E (decimal 8222)
   defining Unicode char U+2030 (decimal 8240)
   defining Unicode char U+2031 (decimal 8241)
   defining Unicode char U+2039 (decimal 8249)
   defining Unicode char U+203A (decimal 8250)
   defining Unicode char U+2423 (decimal 9251)
))
LaTeX Font Info:    Trying to load font information for T5+cmr on input line 116.
 (c:/texlive/2025/texmf-dist/tex/latex/vntex/t5cmr.fd
File: t5cmr.fd 1999/05/25 v2.5h Standard LaTeX font definitions
))

Package vntex Warning: No input encoding specified, using UTF-8 as default on input line 88.

(c:/texlive/2025/texmf-dist/tex/latex/base/inputenc.sty
Package: inputenc 2024/02/08 v1.3d Input encoding file
\inpenc@prehook=\toks23
\inpenc@posthook=\toks24
) (c:/texlive/2025/texmf-dist/tex/latex/vntex/vncaps.tex
File: vncaps.tex 2006/06/07 v1.1 Captions in Vietnamese
)) (c:/texlive/2025/texmf-dist/tex/latex/amsmath/amsmath.sty
Package: amsmath 2025/07/09 v2.17z AMS math features
\@mathmargin=\skip69

For additional information on amsmath, use the `?' option.
(c:/texlive/2025/texmf-dist/tex/latex/amsmath/amstext.sty
Package: amstext 2024/11/17 v2.01 AMS text
 (c:/texlive/2025/texmf-dist/tex/latex/amsmath/amsgen.sty
File: amsgen.sty 1999/11/30 v2.0 generic functions
\@emptytoks=\toks25
\ex@=\dimen164
)) (c:/texlive/2025/texmf-dist/tex/latex/amsmath/amsbsy.sty
Package: amsbsy 1999/11/29 v1.2d Bold Symbols
\pmbraise@=\dimen165
) (c:/texlive/2025/texmf-dist/tex/latex/amsmath/amsopn.sty
Package: amsopn 2022/04/08 v2.04 operator names
)
\inf@bad=\count299
LaTeX Info: Redefining \frac on input line 233.
\uproot@=\count300
\leftroot@=\count301
LaTeX Info: Redefining \overline on input line 398.
LaTeX Info: Redefining \colon on input line 409.
\classnum@=\count302
\DOTSCASE@=\count303
LaTeX Info: Redefining \ldots on input line 495.
LaTeX Info: Redefining \dots on input line 498.
LaTeX Info: Redefining \cdots on input line 619.
\Mathstrutbox@=\box102
\strutbox@=\box103
LaTeX Info: Redefining \big on input line 721.
LaTeX Info: Redefining \Big on input line 722.
LaTeX Info: Redefining \bigg on input line 723.
LaTeX Info: Redefining \Bigg on input line 724.
\big@size=\dimen166
LaTeX Font Info:    Redeclaring font encoding OML on input line 742.
LaTeX Font Info:    Redeclaring font encoding OMS on input line 743.
\macc@depth=\count304
LaTeX Info: Redefining \bmod on input line 904.
LaTeX Info: Redefining \pmod on input line 909.
LaTeX Info: Redefining \smash on input line 939.
LaTeX Info: Redefining \relbar on input line 969.
LaTeX Info: Redefining \Relbar on input line 970.
\c@MaxMatrixCols=\count305
\dotsspace@=\muskip17
\c@parentequation=\count306
\dspbrk@lvl=\count307
\tag@help=\toks26
\row@=\count308
\column@=\count309
\maxfields@=\count310
\andhelp@=\toks27
\eqnshift@=\dimen167
\alignsep@=\dimen168
\tagshift@=\dimen169
\tagwidth@=\dimen170
\totwidth@=\dimen171
\lineht@=\dimen172
\@envbody=\toks28
\multlinegap=\skip70
\multlinetaggap=\skip71
\mathdisplay@stack=\toks29
LaTeX Info: Redefining \[ on input line 2950.
LaTeX Info: Redefining \] on input line 2951.
) (c:/texlive/2025/texmf-dist/tex/latex/lastpage/lastpage.sty
Package: lastpage 2025/08/14 v2.1h lastpage: 2.09 or 2e? (HMM)
 (c:/texlive/2025/texmf-dist/tex/latex/lastpage/lastpage2e.sty
Package: lastpage2e 2025/08/14 v2.1h Decide which 2e lastpage version to use (HMM)
 (c:/texlive/2025/texmf-dist/tex/latex/lastpage/lastpagemodern.sty
Package: lastpagemodern 2025-08-14 v2.1h Refers to last page's name (HMM; JPG)
\c@lastpagecount=\count311
) 
)) (c:/texlive/2025/texmf-dist/tex/latex/algorithm2e/algorithm2e.sty
Package: algorithm2e 2017/07/18 v5.2 algorithms environments
\c@AlgoLine=\count312
\algocf@hangindent=\skip72
 (c:/texlive/2025/texmf-dist/tex/latex/ifoddpage/ifoddpage.sty
Package: ifoddpage 2022/10/18 v1.2 Conditionals for odd/even page detection
\c@checkoddpage=\count313
) (c:/texlive/2025/texmf-dist/tex/latex/tools/xspace.sty
Package: xspace 2014/10/28 v1.13 Space after command names (DPC,MH)
) (c:/texlive/2025/texmf-dist/tex/latex/relsize/relsize.sty
Package: relsize 2013/03/29 ver 4.1
LaTeX Info: Redefining \larger on input line 150.
)
\skiptotal=\skip73
\skiplinenumber=\skip74
\skiprule=\skip75
\skiphlne=\skip76
\skiptext=\skip77
\skiplength=\skip78
\algomargin=\skip79
\skipalgocfslide=\skip80
\algowidth=\dimen173
\inoutsize=\dimen174
\inoutindent=\dimen175
\interspacetitleruled=\dimen176
\interspacealgoruled=\dimen177
\interspacetitleboxruled=\dimen178
\algocf@ruledwidth=\skip81
\algocf@inoutbox=\box104
\algocf@inputbox=\box105
\AlCapSkip=\skip82
\AlCapHSkip=\skip83
\algoskipindent=\skip84
\algocf@nlbox=\box106
\algocf@hangingbox=\box107
\algocf@untilbox=\box108
\algocf@skipuntil=\skip85
\algocf@capbox=\box109
\algocf@lcaptionbox=\skip86
\algoheightruledefault=\skip87
\algoheightrule=\skip88
\algotitleheightruledefault=\skip89
\algotitleheightrule=\skip90
\c@algocfline=\count314
\c@algocfproc=\count315
\c@algocf=\count316
\algocf@algoframe=\box110
\algocf@algobox=\box111
) (c:/texlive/2025/texmf-dist/tex/latex/tools/enumerate.sty
Package: enumerate 2023/07/04 v3.00 enumerate extensions (DPC)
\@enLab=\toks30
) (c:/texlive/2025/texmf-dist/tex/latex/graphics/color.sty
Package: color 2025/01/14 v1.3e Standard LaTeX Color (DPC)
 (c:/texlive/2025/texmf-dist/tex/latex/graphics-cfg/color.cfg
File: color.cfg 2016/01/02 v1.6 sample color configuration
)
Package color Info: Driver file: pdftex.def on input line 149.
 (c:/texlive/2025/texmf-dist/tex/latex/graphics/mathcolor.ltx)) (c:/texlive/2025/texmf-dist/tex/latex/siunitx/siunitx.sty
Package: siunitx 2025-07-09 v3.4.14 A comprehensive (SI) units package
\l__siunitx_number_uncert_offset_int=\count317
\l__siunitx_number_exponent_fixed_int=\count318
\l__siunitx_number_min_decimal_int=\count319
\l__siunitx_number_min_integer_int=\count320
\l__siunitx_number_round_precision_int=\count321
\l__siunitx_number_lower_threshold_int=\count322
\l__siunitx_number_upper_threshold_int=\count323
\l__siunitx_number_group_first_int=\count324
\l__siunitx_number_group_size_int=\count325
\l__siunitx_number_group_minimum_int=\count326
\l__siunitx_angle_tmp_dim=\dimen179
\l__siunitx_angle_marker_box=\box112
\l__siunitx_angle_unit_box=\box113
\l__siunitx_compound_count_int=\count327
 (c:/texlive/2025/texmf-dist/tex/latex/translations/translations.sty
Package: translations 2022/02/05 v1.12 internationalization of LaTeX2e packages (CN)
 (c:/texlive/2025/texmf-dist/tex/latex/etoolbox/etoolbox.sty
Package: etoolbox 2025/10/02 v2.5m e-TeX tools for LaTeX (JAW)
\etb@tempcnta=\count328
) (c:/texlive/2025/texmf-dist/tex/generic/pdftexcmds/pdftexcmds.sty
Package: pdftexcmds 2020-06-27 v0.33 Utility functions of pdfTeX for LuaTeX (HO)
 (c:/texlive/2025/texmf-dist/tex/generic/infwarerr/infwarerr.sty
Package: infwarerr 2019/12/03 v1.5 Providing info/warning/error messages (HO)
) (c:/texlive/2025/texmf-dist/tex/generic/iftex/iftex.sty
Package: iftex 2024/12/12 v1.0g TeX engine tests
) (c:/texlive/2025/texmf-dist/tex/generic/ltxcmds/ltxcmds.sty
Package: ltxcmds 2023-12-04 v1.26 LaTeX kernel commands for general use (HO)
)
Package pdftexcmds Info: \pdf@primitive is available.
Package pdftexcmds Info: \pdf@ifprimitive is available.
Package pdftexcmds Info: \pdfdraftmode found.
))
\l__siunitx_table_tmp_box=\box114
\l__siunitx_table_tmp_dim=\dimen180
\l__siunitx_table_column_width_dim=\dimen181
\l__siunitx_table_integer_box=\box115
\l__siunitx_table_decimal_box=\box116
\l__siunitx_table_uncert_box=\box117
\l__siunitx_table_before_box=\box118
\l__siunitx_table_after_box=\box119
\l__siunitx_table_before_dim=\dimen182
\l__siunitx_table_carry_dim=\dimen183
\l__siunitx_unit_tmp_int=\count329
\l__siunitx_unit_position_int=\count330
\l__siunitx_unit_total_int=\count331
) (c:/texlive/2025/texmf-dist/tex/latex/float/float.sty
Package: float 2001/11/08 v1.3d Float enhancements (AL)
\c@float@type=\count332
\float@exts=\toks31
\float@box=\box120
\@float@everytoks=\toks32
\@floatcapt=\box121
) (c:/texlive/2025/texmf-dist/tex/latex/tools/tabularx.sty
Package: tabularx 2023/12/11 v2.12a `tabularx' package (DPC)
\TX@col@width=\dimen184
\TX@old@table=\dimen185
\TX@old@col=\dimen186
\TX@target=\dimen187
\TX@delta=\dimen188
\TX@cols=\count333
\TX@ftn=\toks33
) (c:/texlive/2025/texmf-dist/tex/latex/caption/caption.sty
Package: caption 2023/08/05 v3.6o Customizing captions (AR)
 (c:/texlive/2025/texmf-dist/tex/latex/caption/caption3.sty
Package: caption3 2023/07/31 v2.4d caption3 kernel (AR)
\caption@tempdima=\dimen189
\captionmargin=\dimen190
\caption@leftmargin=\dimen191
\caption@rightmargin=\dimen192
\caption@width=\dimen193
\caption@indent=\dimen194
\caption@parindent=\dimen195
\caption@hangindent=\dimen196
Package caption Info: Standard document class detected.
)
\c@caption@flags=\count334
\c@continuedfloat=\count335
Package caption Info: float package is loaded.
) (c:/texlive/2025/texmf-dist/tex/latex/multirow/multirow.sty
Package: multirow 2024/11/12 v2.9 Span multiple rows of a table
\multirow@colwidth=\skip91
\multirow@cntb=\count336
\multirow@dima=\skip92
\bigstrutjot=\dimen197
) (c:/texlive/2025/texmf-dist/tex/latex/graphics/rotating.sty
Package: rotating 2025/01/14 v2.16e rotated objects in LaTeX
\c@r@tfl@t=\count337
\rotFPtop=\skip93
\rotFPbot=\skip94
\rot@float@box=\box122
\rot@mess@toks=\toks34
) (c:/texlive/2025/texmf-dist/tex/latex/geometry/geometry.sty
Package: geometry 2020/01/02 v5.9 Page Geometry
 (c:/texlive/2025/texmf-dist/tex/generic/iftex/ifvtex.sty
Package: ifvtex 2019/10/25 v1.7 ifvtex legacy package. Use iftex instead.
)
\Gm@cnth=\count338
\Gm@cntv=\count339
\c@Gm@tempcnt=\count340
\Gm@bindingoffset=\dimen198
\Gm@wd@mp=\dimen199
\Gm@odd@mp=\dimen256
\Gm@even@mp=\dimen257
\Gm@layoutwidth=\dimen258
\Gm@layoutheight=\dimen259
\Gm@layouthoffset=\dimen260
\Gm@layoutvoffset=\dimen261
\Gm@dimlist=\toks35
) (c:/texlive/2025/texmf-dist/tex/latex/setspace/setspace.sty
Package: setspace 2022/12/04 v6.7b set line spacing
) (c:/texlive/2025/texmf-dist/tex/latex/listings/listings.sty
\lst@mode=\count341
\lst@gtempboxa=\box123
\lst@token=\toks36
\lst@length=\count342
\lst@currlwidth=\dimen262
\lst@column=\count343
\lst@pos=\count344
\lst@lostspace=\dimen263
\lst@width=\dimen264
\lst@newlines=\count345
\lst@lineno=\count346
\lst@maxwidth=\dimen265
 (c:/texlive/2025/texmf-dist/tex/latex/listings/lstpatch.sty
File: lstpatch.sty 2025/11/14 1.11b (Carsten Heinz)
) (c:/texlive/2025/texmf-dist/tex/latex/listings/lstmisc.sty
File: lstmisc.sty 2025/11/14 1.11b (Carsten Heinz)
\c@lstnumber=\count347
\lst@skipnumbers=\count348
\lst@framebox=\box124
) (c:/texlive/2025/texmf-dist/tex/latex/listings/listings.cfg
File: listings.cfg 2025/11/14 1.11b listings configuration
))
Package: listings 2025/11/14 1.11b (Carsten Heinz)

==> First Aid for listings.sty no longer applied!
    Expected:
        2024/09/23 1.10c (Carsten Heinz)
    but found:
        2025/11/14 1.11b (Carsten Heinz)
    so I'm assuming it got fixed.
(c:/texlive/2025/texmf-dist/tex/latex/pgf/frontendlayer/tikz.sty (c:/texlive/2025/texmf-dist/tex/latex/pgf/basiclayer/pgf.sty (c:/texlive/2025/texmf-dist/tex/latex/pgf/utilities/pgfrcs.sty (c:/texlive/2025/texmf-dist/tex/generic/pgf/utilities/pgfutil-common.tex
\pgfutil@everybye=\toks37
\pgfutil@tempdima=\dimen266
\pgfutil@tempdimb=\dimen267
) (c:/texlive/2025/texmf-dist/tex/generic/pgf/utilities/pgfutil-latex.def
\pgfutil@abb=\box125
) (c:/texlive/2025/texmf-dist/tex/generic/pgf/utilities/pgfrcs.code.tex (c:/texlive/2025/texmf-dist/tex/generic/pgf/pgf.revision.tex)
Package: pgfrcs 2025-08-29 v3.1.11a (3.1.11a)
))
Package: pgf 2025-08-29 v3.1.11a (3.1.11a)
 (c:/texlive/2025/texmf-dist/tex/latex/pgf/basiclayer/pgfcore.sty (c:/texlive/2025/texmf-dist/tex/latex/pgf/systemlayer/pgfsys.sty (c:/texlive/2025/texmf-dist/tex/generic/pgf/systemlayer/pgfsys.code.tex
Package: pgfsys 2025-08-29 v3.1.11a (3.1.11a)
 (c:/texlive/2025/texmf-dist/tex/generic/pgf/utilities/pgfkeys.code.tex
\pgfkeys@pathtoks=\toks38
\pgfkeys@temptoks=\toks39
 (c:/texlive/2025/texmf-dist/tex/generic/pgf/utilities/pgfkeyslibraryfiltered.code.tex
\pgfkeys@tmptoks=\toks40
))
\pgf@x=\dimen268
\pgf@y=\dimen269
\pgf@xa=\dimen270
\pgf@ya=\dimen271
\pgf@xb=\dimen272
\pgf@yb=\dimen273
\pgf@xc=\dimen274
\pgf@yc=\dimen275
\pgf@xd=\dimen276
\pgf@yd=\dimen277
\w@pgf@writea=\write4
\r@pgf@reada=\read3
\c@pgf@counta=\count349
\c@pgf@countb=\count350
\c@pgf@countc=\count351
\c@pgf@countd=\count352
\t@pgf@toka=\toks41
\t@pgf@tokb=\toks42
\t@pgf@tokc=\toks43
\pgf@sys@id@count=\count353
 (c:/texlive/2025/texmf-dist/tex/generic/pgf/systemlayer/pgf.cfg
File: pgf.cfg 2025-08-29 v3.1.11a (3.1.11a)
)
Driver file for pgf: pgfsys-pdftex.def
 (c:/texlive/2025/texmf-dist/tex/generic/pgf/systemlayer/pgfsys-pdftex.def
File: pgfsys-pdftex.def 2025-08-29 v3.1.11a (3.1.11a)
 (c:/texlive/2025/texmf-dist/tex/generic/pgf/systemlayer/pgfsys-common-pdf.def
File: pgfsys-common-pdf.def 2025-08-29 v3.1.11a (3.1.11a)
))) (c:/texlive/2025/texmf-dist/tex/generic/pgf/systemlayer/pgfsyssoftpath.code.tex
File: pgfsyssoftpath.code.tex 2025-08-29 v3.1.11a (3.1.11a)
\pgfsyssoftpath@smallbuffer@items=\count354
\pgfsyssoftpath@bigbuffer@items=\count355
) (c:/texlive/2025/texmf-dist/tex/generic/pgf/systemlayer/pgfsysprotocol.code.tex
File: pgfsysprotocol.code.tex 2025-08-29 v3.1.11a (3.1.11a)
)) (c:/texlive/2025/texmf-dist/tex/latex/xcolor/xcolor.sty
Package: xcolor 2024/09/29 v3.02 LaTeX color extensions (UK)
 (c:/texlive/2025/texmf-dist/tex/latex/graphics-cfg/color.cfg
File: color.cfg 2016/01/02 v1.6 sample color configuration
)
Package xcolor Info: Driver file: pdftex.def on input line 274.
LaTeX Info: Redefining \color on input line 762.
 (c:/texlive/2025/texmf-dist/tex/latex/graphics/mathcolor.ltx)
Package xcolor Info: Model `cmy' substituted by `cmy0' on input line 1349.
Package xcolor Info: Model `hsb' substituted by `rgb' on input line 1353.
Package xcolor Info: Model `RGB' extended on input line 1365.
Package xcolor Info: Model `HTML' substituted by `rgb' on input line 1367.
Package xcolor Info: Model `Hsb' substituted by `hsb' on input line 1368.
Package xcolor Info: Model `tHsb' substituted by `hsb' on input line 1369.
Package xcolor Info: Model `HSB' substituted by `hsb' on input line 1370.
Package xcolor Info: Model `Gray' substituted by `gray' on input line 1371.
Package xcolor Info: Model `wave' substituted by `hsb' on input line 1372.
) (c:/texlive/2025/texmf-dist/tex/generic/pgf/basiclayer/pgfcore.code.tex
Package: pgfcore 2025-08-29 v3.1.11a (3.1.11a)
 (c:/texlive/2025/texmf-dist/tex/generic/pgf/math/pgfmath.code.tex (c:/texlive/2025/texmf-dist/tex/generic/pgf/math/pgfmathutil.code.tex) (c:/texlive/2025/texmf-dist/tex/generic/pgf/math/pgfmathparser.code.tex
\pgfmath@dimen=\dimen278
\pgfmath@count=\count356
\pgfmath@box=\box126
\pgfmath@toks=\toks44
\pgfmath@stack@operand=\toks45
\pgfmath@stack@operation=\toks46
) (c:/texlive/2025/texmf-dist/tex/generic/pgf/math/pgfmathfunctions.code.tex) (c:/texlive/2025/texmf-dist/tex/generic/pgf/math/pgfmathfunctions.basic.code.tex) (c:/texlive/2025/texmf-dist/tex/generic/pgf/math/pgfmathfunctions.trigonometric.code.tex) (c:/texlive/2025/texmf-dist/tex/generic/pgf/math/pgfmathfunctions.random.code.tex) (c:/texlive/2025/texmf-dist/tex/generic/pgf/math/pgfmathfunctions.comparison.code.tex) (c:/texlive/2025/texmf-dist/tex/generic/pgf/math/pgfmathfunctions.base.code.tex) (c:/texlive/2025/texmf-dist/tex/generic/pgf/math/pgfmathfunctions.round.code.tex) (c:/texlive/2025/texmf-dist/tex/generic/pgf/math/pgfmathfunctions.misc.code.tex) (c:/texlive/2025/texmf-dist/tex/generic/pgf/math/pgfmathfunctions.integerarithmetics.code.tex) (c:/texlive/2025/texmf-dist/tex/generic/pgf/math/pgfmathcalc.code.tex) (c:/texlive/2025/texmf-dist/tex/generic/pgf/math/pgfmathfloat.code.tex
\c@pgfmathroundto@lastzeros=\count357
)) (c:/texlive/2025/texmf-dist/tex/generic/pgf/math/pgfint.code.tex) (c:/texlive/2025/texmf-dist/tex/generic/pgf/basiclayer/pgfcorepoints.code.tex
File: pgfcorepoints.code.tex 2025-08-29 v3.1.11a (3.1.11a)
\pgf@picminx=\dimen279
\pgf@picmaxx=\dimen280
\pgf@picminy=\dimen281
\pgf@picmaxy=\dimen282
\pgf@pathminx=\dimen283
\pgf@pathmaxx=\dimen284
\pgf@pathminy=\dimen285
\pgf@pathmaxy=\dimen286
\pgf@xx=\dimen287
\pgf@xy=\dimen288
\pgf@yx=\dimen289
\pgf@yy=\dimen290
\pgf@zx=\dimen291
\pgf@zy=\dimen292
) (c:/texlive/2025/texmf-dist/tex/generic/pgf/basiclayer/pgfcorepathconstruct.code.tex
File: pgfcorepathconstruct.code.tex 2025-08-29 v3.1.11a (3.1.11a)
\pgf@path@lastx=\dimen293
\pgf@path@lasty=\dimen294
) (c:/texlive/2025/texmf-dist/tex/generic/pgf/basiclayer/pgfcorepathusage.code.tex
File: pgfcorepathusage.code.tex 2025-08-29 v3.1.11a (3.1.11a)
\pgf@shorten@end@additional=\dimen295
\pgf@shorten@start@additional=\dimen296
) (c:/texlive/2025/texmf-dist/tex/generic/pgf/basiclayer/pgfcorescopes.code.tex
File: pgfcorescopes.code.tex 2025-08-29 v3.1.11a (3.1.11a)
\pgfpic=\box127
\pgf@hbox=\box128
\pgf@layerbox@main=\box129
\pgf@picture@serial@count=\count358
) (c:/texlive/2025/texmf-dist/tex/generic/pgf/basiclayer/pgfcoregraphicstate.code.tex
File: pgfcoregraphicstate.code.tex 2025-08-29 v3.1.11a (3.1.11a)
\pgflinewidth=\dimen297
) (c:/texlive/2025/texmf-dist/tex/generic/pgf/basiclayer/pgfcoretransformations.code.tex
File: pgfcoretransformations.code.tex 2025-08-29 v3.1.11a (3.1.11a)
\pgf@pt@x=\dimen298
\pgf@pt@y=\dimen299
\pgf@pt@temp=\dimen300
) (c:/texlive/2025/texmf-dist/tex/generic/pgf/basiclayer/pgfcorequick.code.tex
File: pgfcorequick.code.tex 2025-08-29 v3.1.11a (3.1.11a)
) (c:/texlive/2025/texmf-dist/tex/generic/pgf/basiclayer/pgfcoreobjects.code.tex
File: pgfcoreobjects.code.tex 2025-08-29 v3.1.11a (3.1.11a)
) (c:/texlive/2025/texmf-dist/tex/generic/pgf/basiclayer/pgfcorepathprocessing.code.tex
File: pgfcorepathprocessing.code.tex 2025-08-29 v3.1.11a (3.1.11a)
) (c:/texlive/2025/texmf-dist/tex/generic/pgf/basiclayer/pgfcorearrows.code.tex
File: pgfcorearrows.code.tex 2025-08-29 v3.1.11a (3.1.11a)
\pgfarrowsep=\dimen301
) (c:/texlive/2025/texmf-dist/tex/generic/pgf/basiclayer/pgfcoreshade.code.tex
File: pgfcoreshade.code.tex 2025-08-29 v3.1.11a (3.1.11a)
\pgf@max=\dimen302
\pgf@sys@shading@range@num=\count359
\pgf@shadingcount=\count360
) (c:/texlive/2025/texmf-dist/tex/generic/pgf/basiclayer/pgfcoreimage.code.tex
File: pgfcoreimage.code.tex 2025-08-29 v3.1.11a (3.1.11a)
) (c:/texlive/2025/texmf-dist/tex/generic/pgf/basiclayer/pgfcoreexternal.code.tex
File: pgfcoreexternal.code.tex 2025-08-29 v3.1.11a (3.1.11a)
\pgfexternal@startupbox=\box130
) (c:/texlive/2025/texmf-dist/tex/generic/pgf/basiclayer/pgfcorelayers.code.tex
File: pgfcorelayers.code.tex 2025-08-29 v3.1.11a (3.1.11a)
) (c:/texlive/2025/texmf-dist/tex/generic/pgf/basiclayer/pgfcoretransparency.code.tex
File: pgfcoretransparency.code.tex 2025-08-29 v3.1.11a (3.1.11a)
) (c:/texlive/2025/texmf-dist/tex/generic/pgf/basiclayer/pgfcorepatterns.code.tex
File: pgfcorepatterns.code.tex 2025-08-29 v3.1.11a (3.1.11a)
) (c:/texlive/2025/texmf-dist/tex/generic/pgf/basiclayer/pgfcorerdf.code.tex
File: pgfcorerdf.code.tex 2025-08-29 v3.1.11a (3.1.11a)
))) (c:/texlive/2025/texmf-dist/tex/generic/pgf/modules/pgfmoduleshapes.code.tex
File: pgfmoduleshapes.code.tex 2025-08-29 v3.1.11a (3.1.11a)
\pgfnodeparttextbox=\box131
) (c:/texlive/2025/texmf-dist/tex/generic/pgf/modules/pgfmoduleplot.code.tex
File: pgfmoduleplot.code.tex 2025-08-29 v3.1.11a (3.1.11a)
) (c:/texlive/2025/texmf-dist/tex/latex/pgf/compatibility/pgfcomp-version-0-65.sty
Package: pgfcomp-version-0-65 2025-08-29 v3.1.11a (3.1.11a)
\pgf@nodesepstart=\dimen303
\pgf@nodesepend=\dimen304
) (c:/texlive/2025/texmf-dist/tex/latex/pgf/compatibility/pgfcomp-version-1-18.sty
Package: pgfcomp-version-1-18 2025-08-29 v3.1.11a (3.1.11a)
)) (c:/texlive/2025/texmf-dist/tex/latex/pgf/utilities/pgffor.sty (c:/texlive/2025/texmf-dist/tex/latex/pgf/utilities/pgfkeys.sty (c:/texlive/2025/texmf-dist/tex/generic/pgf/utilities/pgfkeys.code.tex)) (c:/texlive/2025/texmf-dist/tex/latex/pgf/math/pgfmath.sty (c:/texlive/2025/texmf-dist/tex/generic/pgf/math/pgfmath.code.tex)) (c:/texlive/2025/texmf-dist/tex/generic/pgf/utilities/pgffor.code.tex
Package: pgffor 2025-08-29 v3.1.11a (3.1.11a)
\pgffor@iter=\dimen305
\pgffor@skip=\dimen306
\pgffor@stack=\toks47
\pgffor@toks=\toks48
)) (c:/texlive/2025/texmf-dist/tex/generic/pgf/frontendlayer/tikz/tikz.code.tex
Package: tikz 2025-08-29 v3.1.11a (3.1.11a)
 (c:/texlive/2025/texmf-dist/tex/generic/pgf/libraries/pgflibraryplothandlers.code.tex
File: pgflibraryplothandlers.code.tex 2025-08-29 v3.1.11a (3.1.11a)
\pgf@plot@mark@count=\count361
\pgfplotmarksize=\dimen307
)
\tikz@lastx=\dimen308
\tikz@lasty=\dimen309
\tikz@lastxsaved=\dimen310
\tikz@lastysaved=\dimen311
\tikz@lastmovetox=\dimen312
\tikz@lastmovetoy=\dimen313
\tikzleveldistance=\dimen314
\tikzsiblingdistance=\dimen315
\tikz@figbox=\box132
\tikz@figbox@bg=\box133
\tikz@tempbox=\box134
\tikz@tempbox@bg=\box135
\tikztreelevel=\count362
\tikznumberofchildren=\count363
\tikznumberofcurrentchild=\count364
\tikz@fig@count=\count365
 (c:/texlive/2025/texmf-dist/tex/generic/pgf/modules/pgfmodulematrix.code.tex
File: pgfmodulematrix.code.tex 2025-08-29 v3.1.11a (3.1.11a)
\pgfmatrixcurrentrow=\count366
\pgfmatrixcurrentcolumn=\count367
\pgf@matrix@numberofcolumns=\count368
)
\tikz@expandcount=\count369
 (c:/texlive/2025/texmf-dist/tex/generic/pgf/frontendlayer/tikz/libraries/tikzlibrarytopaths.code.tex
File: tikzlibrarytopaths.code.tex 2025-08-29 v3.1.11a (3.1.11a)
))) (c:/texlive/2025/texmf-dist/tex/latex/tools/longtable.sty
Package: longtable 2025-10-13 v4.24 Multi-page Table package (DPC)
\LTleft=\skip95
\LTright=\skip96
\LTpre=\skip97
\LTpost=\skip98
\LTchunksize=\count370
\LTcapwidth=\dimen316
\LT@head=\box136
\LT@firsthead=\box137
\LT@foot=\box138
\LT@lastfoot=\box139
\LT@gbox=\box140
\LT@cols=\count371
\LT@rows=\count372
\c@LT@tables=\count373
\c@LT@chunks=\count374
\LT@p@ftn=\toks49
) (c:/texlive/2025/texmf-dist/tex/latex/tools/verbatim.sty
Package: verbatim 2024-01-22 v1.5x LaTeX2e package for verbatim enhancements
\every@verbatim=\toks50
\verbatim@line=\toks51
\verbatim@in@stream=\read4
) (c:/texlive/2025/texmf-dist/tex/latex/xurl/xurl.sty
Package: xurl 2022/01/09 v 0.10 modify URL breaks
 (c:/texlive/2025/texmf-dist/tex/latex/url/url.sty
\Urlmuskip=\muskip18
Package: url 2013/09/16  ver 3.4  Verb mode for urls, etc.
)) (c:/texlive/2025/texmf-dist/tex/latex/hyperref/hyperref.sty
Package: hyperref 2025-07-12 v7.01o Hypertext links for LaTeX
 (c:/texlive/2025/texmf-dist/tex/latex/kvsetkeys/kvsetkeys.sty
Package: kvsetkeys 2022-10-05 v1.19 Key value parser (HO)
) (c:/texlive/2025/texmf-dist/tex/generic/kvdefinekeys/kvdefinekeys.sty
Package: kvdefinekeys 2019-12-19 v1.6 Define keys (HO)
) (c:/texlive/2025/texmf-dist/tex/generic/pdfescape/pdfescape.sty
Package: pdfescape 2019/12/09 v1.15 Implements pdfTeX's escape features (HO)
) (c:/texlive/2025/texmf-dist/tex/latex/hycolor/hycolor.sty
Package: hycolor 2020-01-27 v1.10 Color options for hyperref/bookmark (HO)
) (c:/texlive/2025/texmf-dist/tex/latex/hyperref/nameref.sty
Package: nameref 2025-06-21 v2.57 Cross-referencing by name of section
 (c:/texlive/2025/texmf-dist/tex/latex/refcount/refcount.sty
Package: refcount 2019/12/15 v3.6 Data extraction from label references (HO)
) (c:/texlive/2025/texmf-dist/tex/generic/gettitlestring/gettitlestring.sty
Package: gettitlestring 2019/12/15 v1.6 Cleanup title references (HO)
 (c:/texlive/2025/texmf-dist/tex/latex/kvoptions/kvoptions.sty
Package: kvoptions 2022-06-15 v3.15 Key value format for package options (HO)
))
\c@section@level=\count375
) (c:/texlive/2025/texmf-dist/tex/generic/stringenc/stringenc.sty
Package: stringenc 2019/11/29 v1.12 Convert strings between diff. encodings (HO)
)
\@linkdim=\dimen317
\Hy@linkcounter=\count376
\Hy@pagecounter=\count377
 (c:/texlive/2025/texmf-dist/tex/latex/hyperref/pd1enc.def
File: pd1enc.def 2025-07-12 v7.01o Hyperref: PDFDocEncoding definition (HO)
Now handling font encoding PD1 ...
... no UTF-8 mapping file for font encoding PD1
) (c:/texlive/2025/texmf-dist/tex/generic/intcalc/intcalc.sty
Package: intcalc 2019/12/15 v1.3 Expandable calculations with integers (HO)
)
\Hy@SavedSpaceFactor=\count378
 (c:/texlive/2025/texmf-dist/tex/latex/hyperref/puenc.def
File: puenc.def 2025-07-12 v7.01o Hyperref: PDF Unicode definition (HO)
Now handling font encoding PU ...
... no UTF-8 mapping file for font encoding PU
)
Package hyperref Info: Hyper figures OFF on input line 4195.
Package hyperref Info: Link nesting OFF on input line 4200.
Package hyperref Info: Hyper index ON on input line 4203.
Package hyperref Info: Plain pages OFF on input line 4210.
Package hyperref Info: Backreferencing OFF on input line 4215.
Package hyperref Info: Implicit mode ON; LaTeX internals redefined.
Package hyperref Info: Bookmarks ON on input line 4462.
\c@Hy@tempcnt=\count379
LaTeX Info: Redefining \url on input line 4801.
\XeTeXLinkMargin=\dimen318
 (c:/texlive/2025/texmf-dist/tex/generic/bitset/bitset.sty
Package: bitset 2019/12/09 v1.3 Handle bit-vector datatype (HO)
 (c:/texlive/2025/texmf-dist/tex/generic/bigintcalc/bigintcalc.sty
Package: bigintcalc 2019/12/15 v1.5 Expandable calculations on big integers (HO)
))
\Fld@menulength=\count380
\Field@Width=\dimen319
\Fld@charsize=\dimen320
Package hyperref Info: Hyper figures OFF on input line 6078.
Package hyperref Info: Link nesting OFF on input line 6083.
Package hyperref Info: Hyper index ON on input line 6086.
Package hyperref Info: backreferencing OFF on input line 6093.
Package hyperref Info: Link coloring OFF on input line 6098.
Package hyperref Info: Link coloring with OCG OFF on input line 6103.
Package hyperref Info: PDF/A mode OFF on input line 6108.
\Hy@abspage=\count381
\c@Item=\count382
\c@Hfootnote=\count383
)
Package hyperref Info: Driver (autodetected): hpdftex.
 (c:/texlive/2025/texmf-dist/tex/latex/hyperref/hpdftex.def
File: hpdftex.def 2025-07-12 v7.01o Hyperref driver for pdfTeX
\Fld@listcount=\count384
\c@bookmark@seq@number=\count385
 (c:/texlive/2025/texmf-dist/tex/latex/rerunfilecheck/rerunfilecheck.sty
Package: rerunfilecheck 2025-06-21 v1.11 Rerun checks for auxiliary files (HO)
 (c:/texlive/2025/texmf-dist/tex/generic/uniquecounter/uniquecounter.sty
Package: uniquecounter 2019/12/15 v1.4 Provide unlimited unique counter (HO)
)
Package uniquecounter Info: New unique counter `rerunfilecheck' on input line 284.
)
\Hy@SectionHShift=\skip99
) (c:/texlive/2025/texmf-dist/tex/latex/caption/subcaption.sty
Package: subcaption 2023/07/28 v1.6b Sub-captions (AR)
Package caption Info: New subtype `subfigure' on input line 238.
\c@subfigure=\count386
Package caption Info: New subtype `subtable' on input line 238.
\c@subtable=\count387
) (c:/texlive/2025/texmf-dist/tex/latex/colortbl/colortbl.sty
Package: colortbl 2024/10/29 v1.0k Color table columns (DPC)
\everycr=\toks52
\minrowclearance=\skip100
\rownum=\count388
) (c:/texlive/2025/texmf-dist/tex/latex/microtype/microtype.sty
Package: microtype 2025/07/09 v3.2b Micro-typographical refinements (RS)
\MT@toks=\toks53
\MT@tempbox=\box141
\MT@count=\count389
LaTeX Info: Redefining \noprotrusionifhmode on input line 1087.
LaTeX Info: Redefining \leftprotrusion on input line 1088.
\MT@prot@toks=\toks54
LaTeX Info: Redefining \rightprotrusion on input line 1107.
LaTeX Info: Redefining \textls on input line 1449.
\MT@outer@kern=\dimen321
LaTeX Info: Redefining \microtypecontext on input line 2053.
LaTeX Info: Redefining \textmicrotypecontext on input line 2070.
\MT@listname@count=\count390
 (c:/texlive/2025/texmf-dist/tex/latex/microtype/microtype-pdftex.def
File: microtype-pdftex.def 2025/07/09 v3.2b Definitions specific to pdftex (RS)
LaTeX Info: Redefining \lsstyle on input line 944.
LaTeX Info: Redefining \lslig on input line 944.
\MT@outer@space=\skip101
)
Package microtype Info: Loading configuration file microtype.cfg.
 (c:/texlive/2025/texmf-dist/tex/latex/microtype/microtype.cfg
File: microtype.cfg 2025/07/09 v3.2b microtype main configuration file (RS)
)
LaTeX Info: Redefining \microtypesetup on input line 3065.
) (c:/texlive/2025/texmf-dist/tex/generic/babel/babel.sty
Package: babel 2025/11/23 v25.16 The multilingual framework for LuaLaTeX, pdfLaTeX and XeLaTeX
\babel@savecnt=\count391
LaTeX Encoding Info:    Redeclaring text command \ij (encoding OT1) on input line 2050.
LaTeX Encoding Info:    Redeclaring text command \IJ (encoding OT1) on input line 2052.
LaTeX Encoding Info:    Redeclaring text command \ij (encoding T1) on input line 2054.
LaTeX Encoding Info:    Redeclaring text command \IJ (encoding T1) on input line 2055.
LaTeX Encoding Info:    Ignoring declaration for text command \ij (encoding ?) on input line 2056.
LaTeX Encoding Info:    Ignoring declaration for text command \IJ (encoding ?) on input line 2058.
LaTeX Encoding Info:    Ignoring declaration for text command \SS (encoding ?) on input line 2083.
\U@D=\dimen322
\l@unhyphenated=\language90
 (c:/texlive/2025/texmf-dist/tex/generic/babel/txtbabel.def)
\bbl@readstream=\read5
\bbl@dirlevel=\count392
 (c:/texlive/2025/texmf-dist/tex/generic/babel/locale/vi/babel-vietnamese.tex)
Package babel Info: Importing font and identification data for vietnamese
(babel)             from babel-vi.ini. Reported on input line 4298.
 (c:/texlive/2025/texmf-dist/tex/generic/babel-vietnamese/vietnamese.ldf
Language: vietnamese 
 Loading definitions for the Vietnamese font encoding (c:/texlive/2025/texmf-dist/tex/latex/vntex/t5enc.def
File: t5enc.def 2006/11/21 v1.4 Vietnamese T5 encoding
LaTeX Font Info:    Redeclaring font encoding T5 on input line 75.
LaTeX Encoding Info:    Redeclaring text command \` (encoding T5) on input line 79.
LaTeX Encoding Info:    Redeclaring text command \' (encoding T5) on input line 80.
LaTeX Encoding Info:    Redeclaring text command \^ (encoding T5) on input line 81.
LaTeX Encoding Info:    Redeclaring text command \~ (encoding T5) on input line 82.
LaTeX Encoding Info:    Redeclaring text command \" (encoding T5) on input line 83.
LaTeX Encoding Info:    Redeclaring text command \r (encoding T5) on input line 84.
LaTeX Encoding Info:    Redeclaring text command \v (encoding T5) on input line 85.
LaTeX Encoding Info:    Redeclaring text command \u (encoding T5) on input line 86.
LaTeX Encoding Info:    Redeclaring text command \= (encoding T5) on input line 87.
LaTeX Encoding Info:    Redeclaring text command \. (encoding T5) on input line 88.
LaTeX Encoding Info:    Redeclaring text command \b (encoding T5) on input line 90.
LaTeX Encoding Info:    Redeclaring text command \c (encoding T5) on input line 94.
LaTeX Encoding Info:    Redeclaring text command \d (encoding T5) on input line 98.
LaTeX Encoding Info:    Redeclaring text command \h (encoding T5) on input line 103.
LaTeX Encoding Info:    Redeclaring text symbol \quotesinglbase (encoding T5) on input line 105.
LaTeX Encoding Info:    Redeclaring text symbol \guilsinglleft (encoding T5) on input line 106.
LaTeX Encoding Info:    Redeclaring text symbol \guilsinglright (encoding T5) on input line 107.
LaTeX Encoding Info:    Redeclaring text symbol \textquotedblleft (encoding T5) on input line 108.
LaTeX Encoding Info:    Redeclaring text symbol \textquotedblright (encoding T5) on input line 109.
LaTeX Encoding Info:    Redeclaring text symbol \quotedblbase (encoding T5) on input line 110.
LaTeX Encoding Info:    Redeclaring text symbol \guillemotleft (encoding T5) on input line 111.
LaTeX Encoding Info:    Redeclaring text symbol \guillemotright (encoding T5) on input line 112.
LaTeX Encoding Info:    Redeclaring text symbol \textendash (encoding T5) on input line 113.
LaTeX Encoding Info:    Redeclaring text symbol \textemdash (encoding T5) on input line 114.
LaTeX Encoding Info:    Redeclaring text symbol \textcompwordmark (encoding T5) on input line 115.
LaTeX Encoding Info:    Redeclaring text command \textperthousand (encoding T5) on input line 117.
LaTeX Encoding Info:    Redeclaring text command \textpertenthousand (encoding T5) on input line 118.
LaTeX Encoding Info:    Redeclaring text symbol \i (encoding T5) on input line 119.
LaTeX Encoding Info:    Redeclaring text symbol \textvisiblespace (encoding T5) on input line 121.
LaTeX Encoding Info:    Redeclaring text symbol \textquotedbl (encoding T5) on input line 122.
LaTeX Encoding Info:    Redeclaring text symbol \textdollar (encoding T5) on input line 123.
LaTeX Encoding Info:    Redeclaring text symbol \textquoteright (encoding T5) on input line 124.
LaTeX Encoding Info:    Redeclaring text symbol \textless (encoding T5) on input line 125.
LaTeX Encoding Info:    Redeclaring text symbol \textgreater (encoding T5) on input line 126.
LaTeX Encoding Info:    Redeclaring text symbol \textbackslash (encoding T5) on input line 127.
LaTeX Encoding Info:    Redeclaring text symbol \textasciicircum (encoding T5) on input line 128.
LaTeX Encoding Info:    Redeclaring text symbol \textunderscore (encoding T5) on input line 129.
LaTeX Encoding Info:    Redeclaring text symbol \textquoteleft (encoding T5) on input line 130.
LaTeX Encoding Info:    Redeclaring text symbol \textbraceleft (encoding T5) on input line 131.
LaTeX Encoding Info:    Redeclaring text symbol \textbar (encoding T5) on input line 132.
LaTeX Encoding Info:    Redeclaring text symbol \textbraceright (encoding T5) on input line 133.
LaTeX Encoding Info:    Redeclaring text symbol \textasciitilde (encoding T5) on input line 134.
LaTeX Encoding Info:    Redeclaring text command \horn (encoding T5) on input line 137.
LaTeX Encoding Info:    Redeclaring text symbol \DJ (encoding T5) on input line 306.
LaTeX Encoding Info:    Redeclaring text symbol \dj (encoding T5) on input line 307.
LaTeX Encoding Info:    Redeclaring text symbol \Acircumflex (encoding T5) on input line 312.
LaTeX Encoding Info:    Redeclaring text symbol \Abreve (encoding T5) on input line 319.
LaTeX Encoding Info:    Redeclaring text symbol \Ecircumflex (encoding T5) on input line 326.
LaTeX Encoding Info:    Redeclaring text symbol \Ocircumflex (encoding T5) on input line 333.
LaTeX Encoding Info:    Redeclaring text symbol \Ohorn (encoding T5) on input line 340.
LaTeX Encoding Info:    Redeclaring text symbol \Uhorn (encoding T5) on input line 347.
LaTeX Encoding Info:    Redeclaring text symbol \acircumflex (encoding T5) on input line 354.
LaTeX Encoding Info:    Redeclaring text symbol \abreve (encoding T5) on input line 361.
LaTeX Encoding Info:    Redeclaring text symbol \ecircumflex (encoding T5) on input line 368.
LaTeX Encoding Info:    Redeclaring text symbol \ocircumflex (encoding T5) on input line 375.
LaTeX Encoding Info:    Redeclaring text symbol \ohorn (encoding T5) on input line 382.
LaTeX Encoding Info:    Redeclaring text symbol \uhorn (encoding T5) on input line 389.
LaTeX Encoding Info:    Redeclaring text symbol \ACIRCUMFLEX (encoding T5) on input line 397.
LaTeX Encoding Info:    Redeclaring text symbol \ABREVE (encoding T5) on input line 404.
LaTeX Encoding Info:    Redeclaring text symbol \ECIRCUMFLEX (encoding T5) on input line 411.
LaTeX Encoding Info:    Redeclaring text symbol \OCIRCUMFLEX (encoding T5) on input line 418.
LaTeX Encoding Info:    Redeclaring text symbol \OHORN (encoding T5) on input line 425.
LaTeX Encoding Info:    Redeclaring text symbol \UHORN (encoding T5) on input line 432.
)
Package babel Info: Making " an active character on input line 147.
)) (c:/texlive/2025/texmf-dist/tex/latex/booktabs/booktabs.sty
Package: booktabs 2020/01/12 v1.61803398 Publication quality tables
\heavyrulewidth=\dimen323
\lightrulewidth=\dimen324
\cmidrulewidth=\dimen325
\belowrulesep=\dimen326
\belowbottomsep=\dimen327
\aboverulesep=\dimen328
\abovetopsep=\dimen329
\cmidrulesep=\dimen330
\cmidrulekern=\dimen331
\defaultaddspace=\dimen332
\@cmidla=\count393
\@cmidlb=\count394
\@aboverulesep=\dimen333
\@belowrulesep=\dimen334
\@thisruleclass=\count395
\@lastruleclass=\count396
\@thisrulewidth=\dimen335
) (c:/texlive/2025/texmf-dist/tex/latex/makecell/makecell.sty
Package: makecell 2009/08/03 V0.1e Managing of Tab Column Heads and Cells
\rotheadsize=\dimen336
\c@nlinenum=\count397
\TeXr@lab=\toks55
) (c:/texlive/2025/texmf-dist/tex/latex/enumitem/enumitem.sty
Package: enumitem 2025/02/06 v3.11 Customized lists
\enitkv@toks@=\toks56
\labelindent=\skip102
\enit@outerparindent=\dimen337
\enit@toks=\toks57
\enit@inbox=\box142
\enit@count@id=\count398
\enitdp@description=\count399
) (c:/texlive/2025/texmf-dist/tex/generic/pgf/frontendlayer/tikz/libraries/tikzlibraryarrows.code.tex
File: tikzlibraryarrows.code.tex 2025-08-29 v3.1.11a (3.1.11a)
 (c:/texlive/2025/texmf-dist/tex/generic/pgf/libraries/pgflibraryarrows.code.tex
File: pgflibraryarrows.code.tex 2025-08-29 v3.1.11a (3.1.11a)
\arrowsize=\dimen338
)) (c:/texlive/2025/texmf-dist/tex/generic/pgf/frontendlayer/tikz/libraries/tikzlibrarysnakes.code.tex
File: tikzlibrarysnakes.code.tex 2025-08-29 v3.1.11a (3.1.11a)


Package pgf Warning: Snakes have been superseded by decorations. Please use the decoration libraries instead of the snakes library on input line 14.

(c:/texlive/2025/texmf-dist/tex/generic/pgf/frontendlayer/tikz/libraries/tikzlibrarydecorations.pathmorphing.code.tex (c:/texlive/2025/texmf-dist/tex/generic/pgf/frontendlayer/tikz/libraries/tikzlibrarydecorations.code.tex (c:/texlive/2025/texmf-dist/tex/generic/pgf/modules/pgfmoduledecorations.code.tex
\pgfdecoratedcompleteddistance=\dimen339
\pgfdecoratedremainingdistance=\dimen340
\pgfdecoratedinputsegmentcompleteddistance=\dimen341
\pgfdecoratedinputsegmentremainingdistance=\dimen342
\pgf@decorate@distancetomove=\dimen343
\pgf@decorate@repeatstate=\count400
\pgfdecorationsegmentamplitude=\dimen344
\pgfdecorationsegmentlength=\dimen345
)
\tikz@lib@dec@box=\box143
) (c:/texlive/2025/texmf-dist/tex/generic/pgf/libraries/decorations/pgflibrarydecorations.pathmorphing.code.tex)) (c:/texlive/2025/texmf-dist/tex/generic/pgf/frontendlayer/tikz/libraries/tikzlibrarydecorations.pathreplacing.code.tex (c:/texlive/2025/texmf-dist/tex/generic/pgf/libraries/decorations/pgflibrarydecorations.pathreplacing.code.tex)) (c:/texlive/2025/texmf-dist/tex/generic/pgf/frontendlayer/tikz/libraries/tikzlibrarydecorations.shapes.code.tex (c:/texlive/2025/texmf-dist/tex/generic/pgf/libraries/decorations/pgflibrarydecorations.shapes.code.tex))) (c:/texlive/2025/texmf-dist/tex/generic/pgf/frontendlayer/tikz/libraries/tikzlibrarybackgrounds.code.tex
File: tikzlibrarybackgrounds.code.tex 2025-08-29 v3.1.11a (3.1.11a)
\pgf@layerbox@background=\box144
\pgf@layerboxsaved@background=\box145
)
Package hyperref Info: Option `colorlinks' set `true' on input line 50.
\c@definition=\count401
\c@theorem=\count402
\c@property=\count403
\c@proposition=\count404
 (c:/texlive/2025/texmf-dist/tex/latex/listings/lstlang1.sty
File: lstlang1.sty 2025/11/14 1.11b listings language file
) (c:/texlive/2025/texmf-dist/tex/latex/psnfss/mathptmx.sty
Package: mathptmx 2020/03/25 PSNFSS-v9.3 Times w/ Math, improved (SPQR, WaS) 
LaTeX Font Info:    Redeclaring symbol font `operators' on input line 28.
LaTeX Font Info:    Overwriting symbol font `operators' in version `normal'
(Font)                  OT1/cmr/m/n --> OT1/ztmcm/m/n on input line 28.
LaTeX Font Info:    Overwriting symbol font `operators' in version `bold'
(Font)                  OT1/cmr/bx/n --> OT1/ztmcm/m/n on input line 28.
LaTeX Font Info:    Redeclaring symbol font `letters' on input line 29.
LaTeX Font Info:    Overwriting symbol font `letters' in version `normal'
(Font)                  OML/cmm/m/it --> OML/ztmcm/m/it on input line 29.
LaTeX Font Info:    Overwriting symbol font `letters' in version `bold'
(Font)                  OML/cmm/b/it --> OML/ztmcm/m/it on input line 29.
LaTeX Font Info:    Redeclaring symbol font `symbols' on input line 30.
LaTeX Font Info:    Overwriting symbol font `symbols' in version `normal'
(Font)                  OMS/cmsy/m/n --> OMS/ztmcm/m/n on input line 30.
LaTeX Font Info:    Overwriting symbol font `symbols' in version `bold'
(Font)                  OMS/cmsy/b/n --> OMS/ztmcm/m/n on input line 30.
LaTeX Font Info:    Redeclaring symbol font `largesymbols' on input line 31.
LaTeX Font Info:    Overwriting symbol font `largesymbols' in version `normal'
(Font)                  OMX/cmex/m/n --> OMX/ztmcm/m/n on input line 31.
LaTeX Font Info:    Overwriting symbol font `largesymbols' in version `bold'
(Font)                  OMX/cmex/m/n --> OMX/ztmcm/m/n on input line 31.
\symbold=\mathgroup7
\symitalic=\mathgroup8
LaTeX Font Info:    Redeclaring math alphabet \mathbf on input line 34.
LaTeX Font Info:    Overwriting math alphabet `\mathbf' in version `normal'
(Font)                  OT1/cmr/bx/n --> OT1/ptm/bx/n on input line 34.
LaTeX Font Info:    Overwriting math alphabet `\mathbf' in version `bold'
(Font)                  OT1/cmr/bx/n --> OT1/ptm/bx/n on input line 34.
LaTeX Font Info:    Redeclaring math alphabet \mathit on input line 35.
LaTeX Font Info:    Overwriting math alphabet `\mathit' in version `normal'
(Font)                  OT1/cmr/m/it --> OT1/ptm/m/it on input line 35.
LaTeX Font Info:    Overwriting math alphabet `\mathit' in version `bold'
(Font)                  OT1/cmr/bx/it --> OT1/ptm/m/it on input line 35.
LaTeX Info: Redefining \hbar on input line 50.
) (c:/texlive/2025/texmf-dist/tex/generic/ulem/ulem.sty
\UL@box=\box146
\UL@hyphenbox=\box147
\UL@skip=\skip103
\UL@hook=\toks58
\UL@height=\dimen346
\UL@pe=\count405
\UL@pixel=\dimen347
\ULC@box=\box148
Package: ulem 2019/11/18
\ULdepth=\dimen348
) (c:/texlive/2025/texmf-dist/tex/latex/cancel/cancel.sty
Package: cancel 2013/04/12 v2.2 Cancel math terms
) (c:/texlive/2025/texmf-dist/tex/latex/amscls/amsthm.sty
Package: amsthm 2020/05/29 v2.20.6
\thm@style=\toks59
\thm@bodyfont=\toks60
\thm@headfont=\toks61
\thm@notefont=\toks62
\thm@headpunct=\toks63
\thm@preskip=\skip104
\thm@postskip=\skip105
\thm@headsep=\skip106
\dth@everypar=\toks64
) (c:/texlive/2025/texmf-dist/tex/latex/amsmath/amscd.sty
Package: amscd 2017/04/14 v2.1 AMS Commutative Diagrams
\athelp@=\toks65
\minaw@=\dimen349
\bigaw@=\dimen350
\minCDarrowwidth=\dimen351
) (c:/texlive/2025/texmf-dist/tex/latex/diagbox/diagbox.sty
Package: diagbox 2020/02/09 v2.3 Making table heads with diagonal lines
 (c:/texlive/2025/texmf-dist/tex/latex/pict2e/pict2e.sty
Package: pict2e 2020/09/30 v0.4b Improved picture commands (HjG,RN,JT)
 (c:/texlive/2025/texmf-dist/tex/latex/pict2e/pict2e.cfg
File: pict2e.cfg 2016/02/05 v0.1u pict2e configuration for teTeX/TeXLive
)
Package pict2e Info: Driver file: pdftex.def on input line 112.
Package pict2e Info: Driver file for pict2e: p2e-pdftex.def on input line 114.
 (c:/texlive/2025/texmf-dist/tex/latex/pict2e/p2e-pdftex.def
File: p2e-pdftex.def 2016/02/05 v0.1u Driver-dependant file (RN,HjG,JT)
)
\pIIe@GRAPH=\toks66
\@arclen=\dimen352
\@arcrad=\dimen353
\pIIe@tempdima=\dimen354
\pIIe@tempdimb=\dimen355
\pIIe@tempdimc=\dimen356
\pIIe@tempdimd=\dimen357
\pIIe@tempdime=\dimen358
\pIIe@tempdimf=\dimen359
) (c:/texlive/2025/texmf-dist/tex/latex/tools/calc.sty
Package: calc 2025/03/01 v4.3b Infix arithmetic (KKT,FJ)
\calc@Acount=\count406
\calc@Bcount=\count407
\calc@Adimen=\dimen360
\calc@Bdimen=\dimen361
\calc@Askip=\skip107
\calc@Bskip=\skip108
LaTeX Info: Redefining \setlength on input line 86.
LaTeX Info: Redefining \addtolength on input line 87.
\calc@Ccount=\count408
\calc@Cskip=\skip109
)
\diagbox@boxa=\box149
\diagbox@boxb=\box150
\diagbox@boxm=\box151
\diagbox@wd=\dimen362
\diagbox@ht=\dimen363
\diagbox@insepl=\dimen364
\diagbox@insepr=\dimen365
\diagbox@outsepl=\dimen366
\diagbox@outsepr=\dimen367
) (c:/texlive/2025/texmf-dist/tex/latex/base/alltt.sty
Package: alltt 2024/07/07 v2.0g defines alltt environment
) (c:/texlive/2025/texmf-dist/tex/latex/mdframed/mdframed.sty
Package: mdframed 2013/07/01 1.9b: mdframed
 (c:/texlive/2025/texmf-dist/tex/latex/l3packages/xparse/xparse.sty (c:/texlive/2025/texmf-dist/tex/latex/l3kernel/expl3.sty
Package: expl3 2025-11-14 L3 programming layer (loader) 
 (c:/texlive/2025/texmf-dist/tex/latex/l3backend/l3backend-pdftex.def
File: l3backend-pdftex.def 2025-10-09 L3 backend support: PDF output (pdfTeX)
\l__color_backend_stack_int=\count409
))
Package: xparse 2025-10-09 L3 Experimental document command parser
) (c:/texlive/2025/texmf-dist/tex/latex/zref/zref-abspage.sty
Package: zref-abspage 2025-06-08 v2.36 Module abspage for zref (HO)
 (c:/texlive/2025/texmf-dist/tex/latex/zref/zref-base.sty
Package: zref-base 2025-06-08 v2.36 Module base for zref (HO)
 (c:/texlive/2025/texmf-dist/tex/generic/etexcmds/etexcmds.sty
Package: etexcmds 2019/12/15 v1.7 Avoid name clashes with e-TeX commands (HO)
) (c:/texlive/2025/texmf-dist/tex/latex/auxhook/auxhook.sty
Package: auxhook 2019-12-17 v1.6 Hooks for auxiliary files (HO)
)
Package zref Info: New property list: main on input line 767.
Package zref Info: New property: default on input line 768.
Package zref Info: New property: page on input line 769.
)
\c@abspage=\count410
Package zref Info: New property: abspage on input line 67.
) (c:/texlive/2025/texmf-dist/tex/latex/needspace/needspace.sty
Package: needspace 2025/03/13 v1.3e reserve vertical space
)
\mdf@templength=\skip110
\c@mdf@globalstyle@cnt=\count411
\mdf@skipabove@length=\skip111
\mdf@skipbelow@length=\skip112
\mdf@leftmargin@length=\skip113
\mdf@rightmargin@length=\skip114
\mdf@innerleftmargin@length=\skip115
\mdf@innerrightmargin@length=\skip116
\mdf@innertopmargin@length=\skip117
\mdf@innerbottommargin@length=\skip118
\mdf@splittopskip@length=\skip119
\mdf@splitbottomskip@length=\skip120
\mdf@outermargin@length=\skip121
\mdf@innermargin@length=\skip122
\mdf@linewidth@length=\skip123
\mdf@innerlinewidth@length=\skip124
\mdf@middlelinewidth@length=\skip125
\mdf@outerlinewidth@length=\skip126
\mdf@roundcorner@length=\skip127
\mdf@footenotedistance@length=\skip128
\mdf@userdefinedwidth@length=\skip129
\mdf@needspace@length=\skip130
\mdf@frametitleaboveskip@length=\skip131
\mdf@frametitlebelowskip@length=\skip132
\mdf@frametitlerulewidth@length=\skip133
\mdf@frametitleleftmargin@length=\skip134
\mdf@frametitlerightmargin@length=\skip135
\mdf@shadowsize@length=\skip136
\mdf@extratopheight@length=\skip137
\mdf@subtitleabovelinewidth@length=\skip138
\mdf@subtitlebelowlinewidth@length=\skip139
\mdf@subtitleaboveskip@length=\skip140
\mdf@subtitlebelowskip@length=\skip141
\mdf@subtitleinneraboveskip@length=\skip142
\mdf@subtitleinnerbelowskip@length=\skip143
\mdf@subsubtitleabovelinewidth@length=\skip144
\mdf@subsubtitlebelowlinewidth@length=\skip145
\mdf@subsubtitleaboveskip@length=\skip146
\mdf@subsubtitlebelowskip@length=\skip147
\mdf@subsubtitleinneraboveskip@length=\skip148
\mdf@subsubtitleinnerbelowskip@length=\skip149
 (c:/texlive/2025/texmf-dist/tex/latex/mdframed/md-frame-1.mdf
File: md-frame-1.mdf 2013/07/01\ 1.9b: md-frame-1
)
\mdf@frametitlebox=\box152
\mdf@footnotebox=\box153
\mdf@splitbox@one=\box154
\mdf@splitbox@two=\box155
\mdf@splitbox@save=\box156
\mdfsplitboxwidth=\skip150
\mdfsplitboxtotalwidth=\skip151
\mdfsplitboxheight=\skip152
\mdfsplitboxdepth=\skip153
\mdfsplitboxtotalheight=\skip154
\mdfframetitleboxwidth=\skip155
\mdfframetitleboxtotalwidth=\skip156
\mdfframetitleboxheight=\skip157
\mdfframetitleboxdepth=\skip158
\mdfframetitleboxtotalheight=\skip159
\mdffootnoteboxwidth=\skip160
\mdffootnoteboxtotalwidth=\skip161
\mdffootnoteboxheight=\skip162
\mdffootnoteboxdepth=\skip163
\mdffootnoteboxtotalheight=\skip164
\mdftotallinewidth=\skip165
\mdfboundingboxwidth=\skip166
\mdfboundingboxtotalwidth=\skip167
\mdfboundingboxheight=\skip168
\mdfboundingboxdepth=\skip169
\mdfboundingboxtotalheight=\skip170
\mdf@freevspace@length=\skip171
\mdf@horizontalwidthofbox@length=\skip172
\mdf@verticalmarginwhole@length=\skip173
\mdf@horizontalspaceofbox=\skip174
\mdfsubtitleheight=\skip175
\mdfsubsubtitleheight=\skip176
\c@mdfcountframes=\count412

****** mdframed patching \endmdf@trivlist

****** -- success******

\mdf@envdepth=\count413
\c@mdf@env@i=\count414
\c@mdf@env@ii=\count415
\c@mdf@zref@counter=\count416
Package zref Info: New property: mdf@pagevalue on input line 895.
) (c:/texlive/2025/texmf-dist/tex/generic/pgf/frontendlayer/tikz/libraries/tikzlibrarycalc.code.tex
File: tikzlibrarycalc.code.tex 2025-08-29 v3.1.11a (3.1.11a)
)
\c@exer=\count417


Package geometry Warning: Over-specification in `h'-direction.
    `width' (455.24408pt) is ignored.


Package geometry Warning: Over-specification in `v'-direction.
    `height' (682.86613pt) is ignored.

(c:/texlive/2025/texmf-dist/tex/latex/listings/lstlang1.sty
File: lstlang1.sty 2025/11/14 1.11b listings language file
) (c:/texlive/2025/texmf-dist/tex/latex/listings/lstlang2.sty
File: lstlang2.sty 2025/11/14 1.11b listings language file
) (c:/texlive/2025/texmf-dist/tex/latex/listings/lstlang3.sty
File: lstlang3.sty 2025/11/14 1.11b listings language file
)

Package geometry Warning: Over-specification in `h'-direction.
    `width' (455.24408pt) is ignored.


Package geometry Warning: Over-specification in `v'-direction.
    `height' (682.86613pt) is ignored.

LaTeX Font Info:    Trying to load font information for T5+ptm on input line 287.
(c:/texlive/2025/texmf-dist/tex/latex/vntex/t5ptm.fd
File: t5utm.fd 2005/08/24 Fontinst v1.929 font definitions for T5/ptm.
) (./main.aux
Package babel Info: 'vietnamese' activates 'vietnamese' shorthands.
(babel)             Reported on input line 13.


LaTeX Warning: Label `43' multiply defined.


LaTeX Warning: Label `44' multiply defined.

)
\openout1 = `main.aux'.

LaTeX Font Info:    Checking defaults for OML/cmm/m/it on input line 287.
LaTeX Font Info:    ... okay on input line 287.
LaTeX Font Info:    Checking defaults for OMS/cmsy/m/n on input line 287.
LaTeX Font Info:    ... okay on input line 287.
LaTeX Font Info:    Checking defaults for OT1/cmr/m/n on input line 287.
LaTeX Font Info:    ... okay on input line 287.
LaTeX Font Info:    Checking defaults for T1/cmr/m/n on input line 287.
LaTeX Font Info:    ... okay on input line 287.
LaTeX Font Info:    Checking defaults for TS1/cmr/m/n on input line 287.
LaTeX Font Info:    ... okay on input line 287.
LaTeX Font Info:    Checking defaults for OMX/cmex/m/n on input line 287.
LaTeX Font Info:    ... okay on input line 287.
LaTeX Font Info:    Checking defaults for U/cmr/m/n on input line 287.
LaTeX Font Info:    ... okay on input line 287.
LaTeX Font Info:    Checking defaults for T5/cmr/m/n on input line 287.
LaTeX Font Info:    ... okay on input line 287.
LaTeX Font Info:    Checking defaults for PD1/pdf/m/n on input line 287.
LaTeX Font Info:    ... okay on input line 287.
LaTeX Font Info:    Checking defaults for PU/pdf/m/n on input line 287.
LaTeX Font Info:    ... okay on input line 287.
 (c:/texlive/2025/texmf-dist/tex/context/base/mkii/supp-pdf.mkii
[Loading MPS to PDF converter (version 2006.09.02).]
\scratchcounter=\count418
\scratchdimen=\dimen368
\scratchbox=\box157
\nofMPsegments=\count419
\nofMParguments=\count420
\everyMPshowfont=\toks67
\MPscratchCnt=\count421
\MPscratchDim=\dimen369
\MPnumerator=\count422
\makeMPintoPDFobject=\count423
\everyMPtoPDFconversion=\toks68
) (c:/texlive/2025/texmf-dist/tex/latex/epstopdf-pkg/epstopdf-base.sty
Package: epstopdf-base 2020-01-24 v2.11 Base part for package epstopdf
Package epstopdf-base Info: Redefining graphics rule for `.eps' on input line 485.
 (c:/texlive/2025/texmf-dist/tex/latex/latexconfig/epstopdf-sys.cfg
File: epstopdf-sys.cfg 2010/07/13 v1.3 Configuration of (r)epstopdf for TeX Live
))
Package translations Info: no dictionary file `translations-basic-dictionary-vietnamese.trsl' found. on input line 287.
Package caption Info: Begin \AtBeginDocument code.
Package caption Info: hyperref package is loaded.
Package caption Info: listings package is loaded.
Package caption Info: longtable package is loaded.
 (c:/texlive/2025/texmf-dist/tex/latex/caption/ltcaption.sty
Package: ltcaption 2021/01/08 v1.4c longtable captions (AR)
)
Package caption Info: rotating package is loaded.
Package caption Info: End \AtBeginDocument code.

*geometry* driver: auto-detecting
*geometry* detected driver: pdftex
*geometry* verbose mode - [ preamble ] result:
* driver: pdftex
* paper: a4paper
* layout: <same size as paper>
* layoutoffset:(h,v)=(0.0pt,0.0pt)
* modes: 
* h-part:(L,W,R)=(85.35826pt, 455.24411pt, 56.9055pt)
* v-part:(T,H,B)=(62.59605pt, 725.54529pt, 56.9055pt)
* \paperwidth=597.50787pt
* \paperheight=845.04684pt
* \textwidth=455.24411pt
* \textheight=725.54529pt
* \oddsidemargin=13.08827pt
* \evensidemargin=13.08827pt
* \topmargin=-74.67393pt
* \headheight=40.0pt
* \headsep=25.0pt
* \topskip=12.0pt
* \footskip=30.0pt
* \marginparwidth=35.0pt
* \marginparsep=10.0pt
* \columnsep=10.0pt
* \skip\footins=11.7pt plus 5.19948pt minus 2.60052pt
* \hoffset=0.0pt
* \voffset=0.0pt
* \mag=1000
* \@twocolumnfalse
* \@twosidefalse
* \@mparswitchfalse
* \@reversemarginfalse
* (1in=72.27pt=25.4mm, 1cm=28.453pt)

\c@lstlisting=\count424
Package hyperref Info: Link coloring ON on input line 287.
(./main.out) (./main.out)
\@outlinefile=\write5
\openout5 = `main.out'.

LaTeX Info: Redefining \microtypecontext on input line 287.
Package microtype Info: Applying patch `item' on input line 287.
Package microtype Info: Applying patch `toc' on input line 287.
Package microtype Info: Applying patch `eqnum' on input line 287.
Package microtype Info: Applying patch `footnote' on input line 287.
Package microtype Info: Applying patch `verbatim' on input line 287.
LaTeX Info: Redefining \microtypesetup on input line 287.
Package microtype Info: Generating PDF output.
Package microtype Info: Character protrusion enabled (level 2).
Package microtype Info: Using default protrusion set `alltext'.
Package microtype Info: Automatic font expansion enabled (level 2),
(microtype)             stretch: 20, shrink: 20, step: 1, non-selected.
Package microtype Info: Using default expansion set `alltext-nott'.
Package microtype Info: Patching command `\showhyphens'.
Package microtype Info: No adjustment of tracking.
Package microtype Info: No adjustment of interword spacing.
Package microtype Info: No adjustment of character kerning.
 (c:/texlive/2025/texmf-dist/tex/latex/microtype/mt-ptm.cfg
File: mt-ptm.cfg 2006/04/20 v1.7 microtype config. file: Times (RS)
)

Package microtype Warning: I cannot find a protrusion list for font
(microtype)                `T5/ptm/m/n/13'. Switching off
(microtype)                protrusion for this font on input line 287.


Package microtype Warning: I cannot find a protrusion list for font
(microtype)                `T5/ptm/m/n/15.6'. Switching off
(microtype)                protrusion for this font on input line 299.


Package microtype Warning: I cannot find a protrusion list for font
(microtype)                `T5/ptm/b/n/15.6'. Switching off
(microtype)                protrusion for this font on input line 299.

<Images/hcmut.png, id=332, 514.3215pt x 491.9178pt>
File: Images/hcmut.png Graphic file (type png)
<use Images/hcmut.png>
Package pdftex.def Info: Images/hcmut.png  used on input line 310.
(pdftex.def)             Requested size: 113.81102pt x 108.85275pt.
LaTeX Font Info:    Calculating math sizes for size <13> on input line 315.
LaTeX Font Info:    Trying to load font information for OT1+ztmcm on input line 315.
(c:/texlive/2025/texmf-dist/tex/latex/psnfss/ot1ztmcm.fd
File: ot1ztmcm.fd 2000/01/03 Fontinst v1.801 font definitions for OT1/ztmcm.
)
Package microtype Info: Loading generic protrusion settings for font family
(microtype)             `ztmcm' (encoding: OT1).
(microtype)             For optimal results, create family-specific settings.
(microtype)             See the microtype manual for details.
LaTeX Font Info:    Trying to load font information for OML+ztmcm on input line 315.
 (c:/texlive/2025/texmf-dist/tex/latex/psnfss/omlztmcm.fd
File: omlztmcm.fd 2000/01/03 Fontinst v1.801 font definitions for OML/ztmcm.
)
LaTeX Font Info:    Trying to load font information for OMS+ztmcm on input line 315.
 (c:/texlive/2025/texmf-dist/tex/latex/psnfss/omsztmcm.fd
File: omsztmcm.fd 2000/01/03 Fontinst v1.801 font definitions for OMS/ztmcm.
)
LaTeX Font Info:    Trying to load font information for OMX+ztmcm on input line 315.
 (c:/texlive/2025/texmf-dist/tex/latex/psnfss/omxztmcm.fd
File: omxztmcm.fd 2000/01/03 Fontinst v1.801 font definitions for OMX/ztmcm.
) (c:/texlive/2025/texmf-dist/tex/latex/microtype/mt-msa.cfg
File: mt-msa.cfg 2006/02/04 v1.1 microtype config. file: AMS symbols (a) (RS)
) (c:/texlive/2025/texmf-dist/tex/latex/microtype/mt-msb.cfg
File: mt-msb.cfg 2005/06/01 v1.0 microtype config. file: AMS symbols (b) (RS)
)
LaTeX Font Info:    Trying to load font information for U+lasy on input line 315.
 (c:/texlive/2025/texmf-dist/tex/latex/base/ulasy.fd
File: ulasy.fd 1998/08/17 v2.2e LaTeX symbol font definitions
)

LaTeX Font Warning: Font shape `U/lasy/m/n' in size <13> not available
(Font)              size <12> substituted on input line 315.

LaTeX Font Info:    Trying to load font information for OT1+ptm on input line 315.
(c:/texlive/2025/texmf-dist/tex/latex/psnfss/ot1ptm.fd
File: ot1ptm.fd 2001/06/04 font definitions for OT1/ptm.
)
LaTeX Font Info:    Font shape `OT1/ptm/bx/n' in size <13> not available
(Font)              Font shape `OT1/ptm/b/n' tried instead on input line 315.
LaTeX Font Info:    Font shape `OT1/ptm/bx/n' in size <9.62007> not available
(Font)              Font shape `OT1/ptm/b/n' tried instead on input line 315.
LaTeX Font Info:    Font shape `OT1/ptm/bx/n' in size <7.80008> not available
(Font)              Font shape `OT1/ptm/b/n' tried instead on input line 315.


Package microtype Warning: I cannot find a protrusion list for font
(microtype)                `T5/ptm/b/n/13'. Switching off
(microtype)                protrusion for this font on input line 316.


Package microtype Warning: I cannot find a protrusion list for font
(microtype)                `T5/ptm/b/n/22.464'. Switching off
(microtype)                protrusion for this font on input line 316.


Package microtype Warning: I cannot find a protrusion list for font
(microtype)                `T5/ptm/b/n/18.72'. Switching off
(microtype)                protrusion for this font on input line 337.

[1

{c:/texlive/2025/texmf-var/fonts/map/pdftex/updmap/pdftex.map}{c:/texlive/2025/texmf-dist/fonts/enc/dvips/vntex/t5.enc} <./Images/hcmut.png>] (./Intro/LoiCamOn.tex

Package microtype Warning: I cannot find a protrusion list for font
(microtype)                `T5/ptm/m/n/18.72'. Switching off
(microtype)                protrusion for this font on input line 1.


pdfTeX warning (ext4): destination with the same identifier (name{page.1}) has been already used, duplicate ignored
<to be read again> 
                   \relax 
l.26 \clearpage
                [1]) (./Intro/LoiCamDoan.tex
pdfTeX warning (ext4): destination with the same identifier (name{page.1}) has been already used, duplicate ignored
<to be read again> 
                   \relax 
l.22 \clearpage
                [1

]) (./Intro/TomTat.tex
Underfull \hbox (badness 10000) in paragraph at lines 4--5

 []


Underfull \hbox (badness 10000) in paragraph at lines 6--7

 []


Underfull \hbox (badness 10000) in paragraph at lines 8--9

 []


pdfTeX warning (ext4): destination with the same identifier (name{page.1}) has been already used, duplicate ignored
<to be read again> 
                   \relax 
l.9 \clearpage
               [1

]) (./Intro/PhanCongCongViec.tex

Package microtype Warning: I cannot find a protrusion list for font
(microtype)                `T5/ptm/m/n/11.8625'. Switching off
(microtype)                protrusion for this font on input line 4.


Package microtype Warning: I cannot find a protrusion list for font
(microtype)                `T5/ptm/b/n/11.8625'. Switching off
(microtype)                protrusion for this font on input line 4.


Package microtype Warning: I cannot find a protrusion list for font
(microtype)                `T5/ptm/m/it/11.8625'. Switching off
(microtype)                protrusion for this font on input line 4.

(c:/texlive/2025/texmf-dist/tex/latex/psnfss/ts1ptm.fd) (c:/texlive/2025/texmf-dist/tex/latex/vntex/t5cmtt.fd)
Underfull \hbox (badness 10000) in paragraph at lines 60--60
\T5/ptm/b/n/13 (+20) 2. X¥y düng H» thèng Demo (Web
 []


Underfull \hbox (badness 1072) in paragraph at lines 60--60
[]|\T5/ptm/b/n/13 (+20) Nguy¹n Gia
 []


Underfull \hbox (badness 6094) in paragraph at lines 60--60
[]|\T5/ptm/m/n/13 (+20) Mæ h¼nh hâa S£n
 []


Underfull \hbox (badness 5533) in paragraph at lines 60--60
[]\T5/ptm/m/n/13 (+20) Thi¸t k¸ v  c i ^^_°t c¡c bë m¢ hâa
 []


Underfull \hbox (badness 1577) in paragraph at lines 60--60
\T5/ptm/m/n/13 (+20) ^^_°c tr÷ng (\T5/cmtt/m/n/13 ImageEncoder\T5/ptm/m/n/13 (+20) , \T5/cmtt/m/n/13 TextEncoder\T5/ptm/m/n/13 (+20) ,
 []


Underfull \hbox (badness 10000) in paragraph at lines 60--60
[]|\T5/ptm/b/n/13 (+20) ^^^ m ^^^ùc
 []

File: Images/hcmut.png Graphic file (type png)
<use Images/hcmut.png>
Package pdftex.def Info: Images/hcmut.png  used on input line 63.
(pdftex.def)             Requested size: 28.44864pt x 28.44792pt.

Package microtype Warning: I cannot find a protrusion list for font
(microtype)                `T5/ptm/m/n/6.5'. Switching off
(microtype)                protrusion for this font on input line 63.


Package microtype Warning: I cannot find a protrusion list for font
(microtype)                `T5/ptm/b/n/6.5'. Switching off
(microtype)                protrusion for this font on input line 63.


Package microtype Warning: I cannot find a protrusion list for font
(microtype)                `T5/ptm/m/n/8.66672'. Switching off
(microtype)                protrusion for this font on input line 63.


pdfTeX warning (ext4): destination with the same identifier (name{page.1}) has been already used, duplicate ignored
<to be read again> 
                   \relax 
l.63 \newpage
              [1

{c:/texlive/2025/texmf-dist/fonts/enc/dvips/base/8r.enc}]) (./Intro/DanhMucTuVietTat.tex
File: Images/hcmut.png Graphic file (type png)
<use Images/hcmut.png>
Package pdftex.def Info: Images/hcmut.png  used on input line 1.
(pdftex.def)             Requested size: 28.44864pt x 28.44792pt.
 [2])
File: Images/hcmut.png Graphic file (type png)
<use Images/hcmut.png>
Package pdftex.def Info: Images/hcmut.png  used on input line 364.
(pdftex.def)             Requested size: 28.44864pt x 28.44792pt.
 [3]

Package microtype Warning: I cannot find a protrusion list for font
(microtype)                `T5/ptm/m/n/32.344'. Switching off
(microtype)                protrusion for this font on input line 365.


Package microtype Warning: I cannot find a protrusion list for font
(microtype)                `T5/ptm/b/n/32.344'. Switching off
(microtype)                protrusion for this font on input line 365.

(./main.toc [4

])
\tf@toc=\write6
\openout6 = `main.toc'.

File: Images/hcmut.png Graphic file (type png)
<use Images/hcmut.png>
Package pdftex.def Info: Images/hcmut.png  used on input line 366.
(pdftex.def)             Requested size: 28.44864pt x 28.44792pt.
 [5]
File: Images/hcmut.png Graphic file (type png)
<use Images/hcmut.png>
Package pdftex.def Info: Images/hcmut.png  used on input line 366.
(pdftex.def)             Requested size: 28.44864pt x 28.44792pt.
 [6] (./main.lof)
\tf@lof=\write7
\openout7 = `main.lof'.

 [7

] (./main.lot)
\tf@lot=\write8
\openout8 = `main.lot'.

 [8

] (./Contents/GioiThieu.tex
Ch\uhorn \ohorn ng 1.

Package microtype Warning: I cannot find a protrusion list for font
(microtype)                `T5/ptm/m/n/26.962'. Switching off
(microtype)                protrusion for this font on input line 1.


Package microtype Warning: I cannot find a protrusion list for font
(microtype)                `T5/ptm/b/n/26.962'. Switching off
(microtype)                protrusion for this font on input line 1.


Underfull \hbox (badness 10000) in paragraph at lines 5--6

 []


Underfull \hbox (badness 10000) in paragraph at lines 7--8

 []


Underfull \hbox (badness 10000) in paragraph at lines 9--10

 []


pdfTeX warning (ext4): destination with the same identifier (name{page.1}) has been already used, duplicate ignored
<to be read again> 
                   \relax 
l.10 
      [1

]
Underfull \hbox (badness 10000) in paragraph at lines 11--12

 []


Underfull \hbox (badness 10000) in paragraph at lines 16--17

 []

File: Images/hcmut.png Graphic file (type png)
<use Images/hcmut.png>
Package pdftex.def Info: Images/hcmut.png  used on input line 20.
(pdftex.def)             Requested size: 28.44864pt x 28.44792pt.

pdfTeX warning (ext4): destination with the same identifier (name{page.2}) has been already used, duplicate ignored
<to be read again> 
                   \relax 
l.20 T
      rong quÃ¡ trÃ¬nh xÃ¡c Ä‘á»‹nh giáº£i phÃ¡p cÃ´ng nghá»‡ cho há»‡ thá»‘... [2]
File: Images/hcmut.png Graphic file (type png)
<use Images/hcmut.png>
Package pdftex.def Info: Images/hcmut.png  used on input line 27.
(pdftex.def)             Requested size: 28.44864pt x 28.44792pt.

pdfTeX warning (ext4): destination with the same identifier (name{page.3}) has been already used, duplicate ignored
<to be read again> 
                   \relax 
l.27 
      [3])
File: Images/hcmut.png Graphic file (type png)
<use Images/hcmut.png>
Package pdftex.def Info: Images/hcmut.png  used on input line 375.
(pdftex.def)             Requested size: 28.44864pt x 28.44792pt.

pdfTeX warning (ext4): destination with the same identifier (name{page.4}) has been already used, duplicate ignored
<to be read again> 
                   \relax 
l.375 \newpage
               [4] (./Contents/CoSoLyThuyet.tex
Ch\uhorn \ohorn ng 2.
<Images/CBF.png, id=598, 261.97874pt x 277.035pt>
File: Images/CBF.png Graphic file (type png)
<use Images/CBF.png>
Package pdftex.def Info: Images/CBF.png  used on input line 19.
(pdftex.def)             Requested size: 204.85846pt x 216.63596pt.
<Images/CF.png, id=599, 271.0125pt x 352.31625pt>
File: Images/CF.png Graphic file (type png)
<use Images/CF.png>
Package pdftex.def Info: Images/CF.png  used on input line 27.
(pdftex.def)             Requested size: 204.85846pt x 266.32239pt.

pdfTeX warning (ext4): destination with the same identifier (name{page.5}) has been already used, duplicate ignored
<to be read again> 
                   \relax 
l.36 
      [5

]
File: Images/hcmut.png Graphic file (type png)
<use Images/hcmut.png>
Package pdftex.def Info: Images/hcmut.png  used on input line 44.
(pdftex.def)             Requested size: 28.44864pt x 28.44792pt.

pdfTeX warning (ext4): destination with the same identifier (name{page.6}) has been already used, duplicate ignored
<to be read again> 
                   \relax 
l.44 
      [6 <./Images/CBF.png> <./Images/CF.png>]
File: Images/hcmut.png Graphic file (type png)
<use Images/hcmut.png>
Package pdftex.def Info: Images/hcmut.png  used on input line 58.
(pdftex.def)             Requested size: 28.44864pt x 28.44792pt.

pdfTeX warning (ext4): destination with the same identifier (name{page.7}) has been already used, duplicate ignored
<to be read again> 
                   \relax 
l.58 
      [7]
<Images/multi.png, id=623, 803.0pt x 475.7775pt>
File: Images/multi.png Graphic file (type png)
<use Images/multi.png>
Package pdftex.def Info: Images/multi.png  used on input line 61.
(pdftex.def)             Requested size: 386.96027pt x 229.27806pt.
File: Images/hcmut.png Graphic file (type png)
<use Images/hcmut.png>
Package pdftex.def Info: Images/hcmut.png  used on input line 72.
(pdftex.def)             Requested size: 28.44864pt x 28.44792pt.

pdfTeX warning (ext4): destination with the same identifier (name{page.8}) has been already used, duplicate ignored
<to be read again> 
                   \relax 
l.72 
      [8 <./Images/multi.png (PNG copy)>]
File: Images/hcmut.png Graphic file (type png)
<use Images/hcmut.png>
Package pdftex.def Info: Images/hcmut.png  used on input line 86.
(pdftex.def)             Requested size: 28.44864pt x 28.44792pt.
 [9]

Package microtype Warning: I cannot find a protrusion list for font
(microtype)                `T5/ptm/m/n/9.62007'. Switching off
(microtype)                protrusion for this font on input line 87.


Package microtype Warning: I cannot find a protrusion list for font
(microtype)                `T5/ptm/m/n/7.80008'. Switching off
(microtype)                protrusion for this font on input line 87.

File: Images/hcmut.png Graphic file (type png)
<use Images/hcmut.png>
Package pdftex.def Info: Images/hcmut.png  used on input line 115.
(pdftex.def)             Requested size: 28.44864pt x 28.44792pt.
[10]
File: Images/hcmut.png Graphic file (type png)
<use Images/hcmut.png>
Package pdftex.def Info: Images/hcmut.png  used on input line 135.
(pdftex.def)             Requested size: 28.44864pt x 28.44792pt.
 [11]
File: Images/hcmut.png Graphic file (type png)
<use Images/hcmut.png>
Package pdftex.def Info: Images/hcmut.png  used on input line 160.
(pdftex.def)             Requested size: 28.44864pt x 28.44792pt.
 [12]
<Images/position_encoder.png, id=671, 867.24pt x 433.62pt>
File: Images/position_encoder.png Graphic file (type png)
<use Images/position_encoder.png>
Package pdftex.def Info: Images/position_encoder.png  used on input line 174.
(pdftex.def)             Requested size: 455.24411pt x 227.62082pt.
File: Images/hcmut.png Graphic file (type png)
<use Images/hcmut.png>
Package pdftex.def Info: Images/hcmut.png  used on input line 182.
(pdftex.def)             Requested size: 28.44864pt x 28.44792pt.
 [13 <./Images/position_encoder.png>]
Underfull \hbox (badness 1033) in paragraph at lines 187--188
\T5/ptm/m/n/13 (+20) Sü xu§t hi»n cõa mæ h¼nh BERT (Bidirectional Encoder Representations from
 []

<Images/bert.png, id=686, 469.755pt x 183.084pt>
File: Images/bert.png Graphic file (type png)
<use Images/bert.png>
Package pdftex.def Info: Images/bert.png  used on input line 194.
(pdftex.def)             Requested size: 409.71692pt x 159.68407pt.
File: Images/hcmut.png Graphic file (type png)
<use Images/hcmut.png>
Package pdftex.def Info: Images/hcmut.png  used on input line 199.
(pdftex.def)             Requested size: 28.44864pt x 28.44792pt.
[14]
File: Images/hcmut.png Graphic file (type png)
<use Images/hcmut.png>
Package pdftex.def Info: Images/hcmut.png  used on input line 213.
(pdftex.def)             Requested size: 28.44864pt x 28.44792pt.
 [15 <./Images/bert.png>]
File: Images/hcmut.png Graphic file (type png)
<use Images/hcmut.png>
Package pdftex.def Info: Images/hcmut.png  used on input line 231.
(pdftex.def)             Requested size: 28.44864pt x 28.44792pt.
 [16]
<Images/Vit.png, id=713, 375.20175pt x 195.129pt>
File: Images/Vit.png Graphic file (type png)
<use Images/Vit.png>
Package pdftex.def Info: Images/Vit.png  used on input line 236.
(pdftex.def)             Requested size: 409.71692pt x 213.08536pt.
File: Images/hcmut.png Graphic file (type png)
<use Images/hcmut.png>
Package pdftex.def Info: Images/hcmut.png  used on input line 246.
(pdftex.def)             Requested size: 28.44864pt x 28.44792pt.
 [17 <./Images/Vit.png>]
Underfull \hbox (badness 10000) in paragraph at lines 246--247

 []

<Images/fusion.png, id=723, 483.0045pt x 342.68025pt>
File: Images/fusion.png Graphic file (type png)
<use Images/fusion.png>
Package pdftex.def Info: Images/fusion.png  used on input line 258.
(pdftex.def)             Requested size: 409.71692pt x 290.68349pt.
File: Images/hcmut.png Graphic file (type png)
<use Images/hcmut.png>
Package pdftex.def Info: Images/hcmut.png  used on input line 263.
(pdftex.def)             Requested size: 28.44864pt x 28.44792pt.
[18]
File: Images/hcmut.png Graphic file (type png)
<use Images/hcmut.png>
Package pdftex.def Info: Images/hcmut.png  used on input line 278.
(pdftex.def)             Requested size: 28.44864pt x 28.44792pt.
 [19 <./Images/fusion.png>]
File: Images/hcmut.png Graphic file (type png)
<use Images/hcmut.png>
Package pdftex.def Info: Images/hcmut.png  used on input line 299.
(pdftex.def)             Requested size: 28.44864pt x 28.44792pt.
 [20]
File: Images/hcmut.png Graphic file (type png)
<use Images/hcmut.png>
Package pdftex.def Info: Images/hcmut.png  used on input line 315.
(pdftex.def)             Requested size: 28.44864pt x 28.44792pt.
 [21]
File: Images/hcmut.png Graphic file (type png)
<use Images/hcmut.png>
Package pdftex.def Info: Images/hcmut.png  used on input line 337.
(pdftex.def)             Requested size: 28.44864pt x 28.44792pt.
 [22]
File: Images/hcmut.png Graphic file (type png)
<use Images/hcmut.png>
Package pdftex.def Info: Images/hcmut.png  used on input line 367.
(pdftex.def)             Requested size: 28.44864pt x 28.44792pt.
 [23]

LaTeX Warning: Citation `vaswani2017attention' on page 24 undefined on input line 373.


LaTeX Warning: Citation `nogueira2019passage' on page 24 undefined on input line 373.

<Images/cross-encoder.png, id=784, 231.61531pt x 192.97093pt>
File: Images/cross-encoder.png Graphic file (type png)
<use Images/cross-encoder.png>
Package pdftex.def Info: Images/cross-encoder.png  used on input line 377.
(pdftex.def)             Requested size: 227.62206pt x 189.64612pt.
File: Images/hcmut.png Graphic file (type png)
<use Images/hcmut.png>
Package pdftex.def Info: Images/hcmut.png  used on input line 385.
(pdftex.def)             Requested size: 28.44864pt x 28.44792pt.
[24 <./Images/cross-encoder.png>]

LaTeX Warning: Citation `reimers2019sentence' on page 25 undefined on input line 390.

<Images/Bi_vs_Cross-Encoder.png, id=791, 360.59718pt x 201.00093pt>
File: Images/Bi_vs_Cross-Encoder.png Graphic file (type png)
<use Images/Bi_vs_Cross-Encoder.png>
Package pdftex.def Info: Images/Bi_vs_Cross-Encoder.png  used on input line 394.
(pdftex.def)             Requested size: 455.24411pt x 253.75935pt.
File: Images/hcmut.png Graphic file (type png)
<use Images/hcmut.png>
Package pdftex.def Info: Images/hcmut.png  used on input line 401.
(pdftex.def)             Requested size: 28.44864pt x 28.44792pt.
[25 <./Images/Bi_vs_Cross-Encoder.png>]
File: Images/hcmut.png Graphic file (type png)
<use Images/hcmut.png>
Package pdftex.def Info: Images/hcmut.png  used on input line 419.
(pdftex.def)             Requested size: 28.44864pt x 28.44792pt.
 [26])
File: Images/hcmut.png Graphic file (type png)
<use Images/hcmut.png>
Package pdftex.def Info: Images/hcmut.png  used on input line 377.
(pdftex.def)             Requested size: 28.44864pt x 28.44792pt.
 [27]
File: Images/hcmut.png Graphic file (type png)
<use Images/hcmut.png>
Package pdftex.def Info: Images/hcmut.png  used on input line 377.
(pdftex.def)             Requested size: 28.44864pt x 28.44792pt.
 [28] (./Contents/PhuongPhapDeXuat.tex
Ch\uhorn \ohorn ng 3.
<Images/retrieval.png, id=815, 1391.1975pt x 609.27625pt>
File: Images/retrieval.png Graphic file (type png)
<use Images/retrieval.png>
Package pdftex.def Info: Images/retrieval.png  used on input line 10.
(pdftex.def)             Requested size: 455.24411pt x 199.36977pt.
[29

]
File: Images/hcmut.png Graphic file (type png)
<use Images/hcmut.png>
Package pdftex.def Info: Images/hcmut.png  used on input line 32.
(pdftex.def)             Requested size: 28.44864pt x 28.44792pt.
 [30 <./Images/retrieval.png>]
<Images/two_tower_model.png, id=827, 835.12pt x 492.84125pt>
File: Images/two_tower_model.png Graphic file (type png)
<use Images/two_tower_model.png>
Package pdftex.def Info: Images/two_tower_model.png  used on input line 42.
(pdftex.def)             Requested size: 455.24411pt x 268.66458pt.
File: Images/hcmut.png Graphic file (type png)
<use Images/hcmut.png>
Package pdftex.def Info: Images/hcmut.png  used on input line 57.
(pdftex.def)             Requested size: 28.44864pt x 28.44792pt.
 [31 <./Images/two_tower_model.png>]
<Images/item_embedding.png, id=836, 588.1975pt x 487.8225pt>
File: Images/item_embedding.png Graphic file (type png)
<use Images/item_embedding.png>
Package pdftex.def Info: Images/item_embedding.png  used on input line 76.
(pdftex.def)             Requested size: 364.19667pt x 302.04486pt.
File: Images/hcmut.png Graphic file (type png)
<use Images/hcmut.png>
Package pdftex.def Info: Images/hcmut.png  used on input line 81.
(pdftex.def)             Requested size: 28.44864pt x 28.44792pt.
 [32]
File: Images/hcmut.png Graphic file (type png)
<use Images/hcmut.png>
Package pdftex.def Info: Images/hcmut.png  used on input line 97.
(pdftex.def)             Requested size: 28.44864pt x 28.44792pt.
 [33 <./Images/item_embedding.png>]
File: Images/hcmut.png Graphic file (type png)
<use Images/hcmut.png>
Package pdftex.def Info: Images/hcmut.png  used on input line 123.
(pdftex.def)             Requested size: 28.44864pt x 28.44792pt.
 [34]
Underfull \hbox (badness 1014) in paragraph at lines 127--128
[]\T5/ptm/m/n/13 (+20) H» thèng sû döng ki¸n tróc Vision Transformer (ViT), cö thº l  bi¸n thº
 []

<Images/image_module.png, id=864, 2921.91624pt x 2399.96625pt>
File: Images/image_module.png Graphic file (type png)
<use Images/image_module.png>
Package pdftex.def Info: Images/image_module.png  used on input line 136.
(pdftex.def)             Requested size: 364.19667pt x 299.11615pt.
File: Images/hcmut.png Graphic file (type png)
<use Images/hcmut.png>
Package pdftex.def Info: Images/hcmut.png  used on input line 148.
(pdftex.def)             Requested size: 28.44864pt x 28.44792pt.
[35 <./Images/image_module.png>]
File: Images/hcmut.png Graphic file (type png)
<use Images/hcmut.png>
Package pdftex.def Info: Images/hcmut.png  used on input line 177.
(pdftex.def)             Requested size: 28.44864pt x 28.44792pt.
 [36]
File: Images/hcmut.png Graphic file (type png)
<use Images/hcmut.png>
Package pdftex.def Info: Images/hcmut.png  used on input line 202.
(pdftex.def)             Requested size: 28.44864pt x 28.44792pt.
 [37]
<images/user_tower.png, id=892, 1118.1775pt x 762.85pt>
File: images/user_tower.png Graphic file (type png)
<use images/user_tower.png>
Package pdftex.def Info: images/user_tower.png  used on input line 210.
(pdftex.def)             Requested size: 432.48051pt x 295.05423pt.
File: Images/hcmut.png Graphic file (type png)
<use Images/hcmut.png>
Package pdftex.def Info: Images/hcmut.png  used on input line 222.
(pdftex.def)             Requested size: 28.44864pt x 28.44792pt.
 [38 <./Images/user_tower.png>]
File: Images/hcmut.png Graphic file (type png)
<use Images/hcmut.png>
Package pdftex.def Info: Images/hcmut.png  used on input line 249.
(pdftex.def)             Requested size: 28.44864pt x 28.44792pt.
 [39]
File: Images/hcmut.png Graphic file (type png)
<use Images/hcmut.png>
Package pdftex.def Info: Images/hcmut.png  used on input line 275.
(pdftex.def)             Requested size: 28.44864pt x 28.44792pt.
 [40]
File: Images/hcmut.png Graphic file (type png)
<use Images/hcmut.png>
Package pdftex.def Info: Images/hcmut.png  used on input line 299.
(pdftex.def)             Requested size: 28.44864pt x 28.44792pt.
 [41]
LaTeX Font Info:    Calculating math sizes for size <11.8625> on input line 313.
LaTeX Font Info:    Font shape `OT1/ptm/bx/n' in size <11.8625> not available
(Font)              Font shape `OT1/ptm/b/n' tried instead on input line 313.
LaTeX Font Info:    Font shape `OT1/ptm/bx/n' in size <8.7783> not available
(Font)              Font shape `OT1/ptm/b/n' tried instead on input line 313.
LaTeX Font Info:    Font shape `OT1/ptm/bx/n' in size <7.11757> not available
(Font)              Font shape `OT1/ptm/b/n' tried instead on input line 313.


Package microtype Warning: I cannot find a protrusion list for font
(microtype)                `T5/ptm/m/n/10.83342'. Switching off
(microtype)                protrusion for this font on input line 316.

File: Images/hcmut.png Graphic file (type png)
<use Images/hcmut.png>
Package pdftex.def Info: Images/hcmut.png  used on input line 333.
(pdftex.def)             Requested size: 28.44864pt x 28.44792pt.
[42]

Package microtype Warning: I cannot find a protrusion list for font
(microtype)                `T5/ptm/b/n/9.62007'. Switching off
(microtype)                protrusion for this font on input line 337.


Package microtype Warning: I cannot find a protrusion list for font
(microtype)                `T5/ptm/b/n/7.80008'. Switching off
(microtype)                protrusion for this font on input line 337.

File: Images/hcmut.png Graphic file (type png)
<use Images/hcmut.png>
Package pdftex.def Info: Images/hcmut.png  used on input line 553.
(pdftex.def)             Requested size: 28.44864pt x 28.44792pt.
[43]
<Images/overview_cross_encoder.png, id=933, 3721.905pt x 2795.44376pt>
File: Images/overview_cross_encoder.png Graphic file (type png)
<use Images/overview_cross_encoder.png>
Package pdftex.def Info: Images/overview_cross_encoder.png  used on input line 558.
(pdftex.def)             Requested size: 386.96027pt x 290.6084pt.
File: Images/hcmut.png Graphic file (type png)
<use Images/hcmut.png>
Package pdftex.def Info: Images/hcmut.png  used on input line 567.
(pdftex.def)             Requested size: 28.44864pt x 28.44792pt.
 [44 <./Images/overview_cross_encoder.png>]
<Images/embedding_cross_encoder.png, id=940, 8222.72pt x 1848.9075pt>
File: Images/embedding_cross_encoder.png Graphic file (type png)
<use Images/embedding_cross_encoder.png>
Package pdftex.def Info: Images/embedding_cross_encoder.png  used on input line 575.
(pdftex.def)             Requested size: 455.24411pt x 102.35321pt.
File: Images/hcmut.png Graphic file (type png)
<use Images/hcmut.png>
Package pdftex.def Info: Images/hcmut.png  used on input line 584.
(pdftex.def)             Requested size: 28.44864pt x 28.44792pt.
 [45 <./Images/embedding_cross_encoder.png>]
<Images/Embedding Cross-encoder-2026-04-30-153925.png, id=947, 6888.73625pt x 2413.015pt>
File: Images/Embedding Cross-encoder-2026-04-30-153925.png Graphic file (type png)
<use Images/Embedding Cross-encoder-2026-04-30-153925.png>
Package pdftex.def Info: Images/Embedding Cross-encoder-2026-04-30-153925.png  used on input line 594.
(pdftex.def)             Requested size: 455.24411pt x 159.42885pt.
File: Images/hcmut.png Graphic file (type png)
<use Images/hcmut.png>
Package pdftex.def Info: Images/hcmut.png  used on input line 601.
(pdftex.def)             Requested size: 28.44864pt x 28.44792pt.
 [46]
File: Images/hcmut.png Graphic file (type png)
<use Images/hcmut.png>
Package pdftex.def Info: Images/hcmut.png  used on input line 610.
(pdftex.def)             Requested size: 28.44864pt x 28.44792pt.
 [47 <./Images/Embedding Cross-encoder-2026-04-30-153925.png>]
Underfull \hbox (badness 10000) in paragraph at lines 627--628
[]\T5/ptm/m/n/13 (+20) ^^^èi vîi nh¡nh m¢ hâa ch²o ($[]\OML/ztmcm/m/it/13 Enc[]$[]\T5/ptm/m/n/13 (+20) ), h» thèng khæng khði t¤o
 []


Underfull \hbox (badness 4036) in paragraph at lines 627--628
\T5/ptm/m/n/13 (+20) trång sè ng¨u nhi¶n m  k¸ thøa trüc ti¸p tø ki¸n tróc ti·n hu§n luy»n
 []


Underfull \hbox (badness 3291) in paragraph at lines 627--628
\T5/cmtt/m/n/13 sentence-transformers/all-mpnet-base-v2\T5/ptm/m/n/13 (+20) . Vi»c lüa chån phi¶n b£n n y
 []

File: Images/hcmut.png Graphic file (type png)
<use Images/hcmut.png>
Package pdftex.def Info: Images/hcmut.png  used on input line 628.
(pdftex.def)             Requested size: 28.44864pt x 28.44792pt.
[48]
File: Images/hcmut.png Graphic file (type png)
<use Images/hcmut.png>
Package pdftex.def Info: Images/hcmut.png  used on input line 641.
(pdftex.def)             Requested size: 28.44864pt x 28.44792pt.
 [49]
File: Images/hcmut.png Graphic file (type png)
<use Images/hcmut.png>
Package pdftex.def Info: Images/hcmut.png  used on input line 668.
(pdftex.def)             Requested size: 28.44864pt x 28.44792pt.
 [50]
File: Images/hcmut.png Graphic file (type png)
<use Images/hcmut.png>
Package pdftex.def Info: Images/hcmut.png  used on input line 712.
(pdftex.def)             Requested size: 28.44864pt x 28.44792pt.
 [51])
File: Images/hcmut.png Graphic file (type png)
<use Images/hcmut.png>
Package pdftex.def Info: Images/hcmut.png  used on input line 379.
(pdftex.def)             Requested size: 28.44864pt x 28.44792pt.
 [52] (./Contents/ThucNghiemVaDanhGia.tex
Ch\uhorn \ohorn ng 4.

Underfull \hbox (badness 10000) in paragraph at lines 19--20

 []


Underfull \hbox (badness 10000) in paragraph at lines 21--22

 []

[53

]
Underfull \hbox (badness 10000) in paragraph at lines 23--24

 []


Overfull \hbox (2.43637pt too wide) in paragraph at lines 33--59
 [][] 
 []


Overfull \hbox (2.43637pt too wide) in paragraph at lines 69--101
 [][] 
 []

File: Images/hcmut.png Graphic file (type png)
<use Images/hcmut.png>
Package pdftex.def Info: Images/hcmut.png  used on input line 102.
(pdftex.def)             Requested size: 28.44864pt x 28.44792pt.
[54]
File: Images/hcmut.png Graphic file (type png)
<use Images/hcmut.png>
Package pdftex.def Info: Images/hcmut.png  used on input line 112.
(pdftex.def)             Requested size: 28.44864pt x 28.44792pt.
 [55]
Underfull \hbox (badness 1152) in paragraph at lines 136--137
[]|\T5/ptm/m/n/13 (+20) G¡n nh¢n danh möc chung
 []


Underfull \hbox (badness 10000) in paragraph at lines 147--148

 []


Underfull \hbox (badness 10000) in paragraph at lines 149--150

 []


Underfull \hbox (badness 10000) in paragraph at lines 151--152

 []

File: Images/hcmut.png Graphic file (type png)
<use Images/hcmut.png>
Package pdftex.def Info: Images/hcmut.png  used on input line 157.
(pdftex.def)             Requested size: 28.44864pt x 28.44792pt.
[56]
Underfull \hbox (badness 10000) in paragraph at lines 166--167

 []


Underfull \hbox (badness 10000) in paragraph at lines 168--169

 []

File: Images/hcmut.png Graphic file (type png)
<use Images/hcmut.png>
Package pdftex.def Info: Images/hcmut.png  used on input line 182.
(pdftex.def)             Requested size: 28.44864pt x 28.44792pt.
[57]
Underfull \hbox (badness 10000) in paragraph at lines 199--200

 []

LaTeX Font Info:    Font shape `T5/cmtt/bx/n' in size <13> not available
(Font)              Font shape `T5/cmtt/m/n' tried instead on input line 201.

Package microtype Warning: I cannot find a protrusion list for font
(microtype)                `T5/cmtt/m/n/13'. Switching off
(microtype)                protrusion for this font on input line 201.


Underfull \hbox (badness 10000) in paragraph at lines 201--203

 []


Underfull \hbox (badness 10000) in paragraph at lines 204--206

 []

File: Images/hcmut.png Graphic file (type png)
<use Images/hcmut.png>
Package pdftex.def Info: Images/hcmut.png  used on input line 217.
(pdftex.def)             Requested size: 28.44864pt x 28.44792pt.
[58]
File: Images/hcmut.png Graphic file (type png)
<use Images/hcmut.png>
Package pdftex.def Info: Images/hcmut.png  used on input line 263.
(pdftex.def)             Requested size: 28.44864pt x 28.44792pt.
 [59]
Underfull \hbox (badness 10000) in paragraph at lines 278--279

 []


Underfull \hbox (badness 10000) in paragraph at lines 281--282

 []

File: Images/hcmut.png Graphic file (type png)
<use Images/hcmut.png>
Package pdftex.def Info: Images/hcmut.png  used on input line 294.
(pdftex.def)             Requested size: 28.44864pt x 28.44792pt.
[60]
File: Images/hcmut.png Graphic file (type png)
<use Images/hcmut.png>
Package pdftex.def Info: Images/hcmut.png  used on input line 339.
(pdftex.def)             Requested size: 28.44864pt x 28.44792pt.
 [61]
Underfull \hbox (badness 1668) in paragraph at lines 380--381
[]|\T5/ptm/m/n/13 (+20) Vision Transformer pretrained
 []

File: Images/hcmut.png Graphic file (type png)
<use Images/hcmut.png>
Package pdftex.def Info: Images/hcmut.png  used on input line 389.
(pdftex.def)             Requested size: 28.44864pt x 28.44792pt.
[62]
Overfull \hbox (24.39525pt too wide) in paragraph at lines 430--439
 [][] 
 []

File: Images/hcmut.png Graphic file (type png)
<use Images/hcmut.png>
Package pdftex.def Info: Images/hcmut.png  used on input line 439.
(pdftex.def)             Requested size: 28.44864pt x 28.44792pt.
[63]
File: Images/hcmut.png Graphic file (type png)
<use Images/hcmut.png>
Package pdftex.def Info: Images/hcmut.png  used on input line 458.
(pdftex.def)             Requested size: 28.44864pt x 28.44792pt.
 [64]
File: Images/hcmut.png Graphic file (type png)
<use Images/hcmut.png>
Package pdftex.def Info: Images/hcmut.png  used on input line 481.
(pdftex.def)             Requested size: 28.44864pt x 28.44792pt.
 [65]
File: Images/hcmut.png Graphic file (type png)
<use Images/hcmut.png>
Package pdftex.def Info: Images/hcmut.png  used on input line 522.
(pdftex.def)             Requested size: 28.44864pt x 28.44792pt.
 [66]
File: Images/hcmut.png Graphic file (type png)
<use Images/hcmut.png>
Package pdftex.def Info: Images/hcmut.png  used on input line 552.
(pdftex.def)             Requested size: 28.44864pt x 28.44792pt.
 [67]
Underfull \hbox (badness 10000) in paragraph at lines 589--590

 []

File: Images/hcmut.png Graphic file (type png)
<use Images/hcmut.png>
Package pdftex.def Info: Images/hcmut.png  used on input line 590.
(pdftex.def)             Requested size: 28.44864pt x 28.44792pt.
[68]
Underfull \hbox (badness 10000) in paragraph at lines 595--596

 []


Underfull \hbox (badness 10000) in paragraph at lines 606--607

 []

File: Images/hcmut.png Graphic file (type png)
<use Images/hcmut.png>
Package pdftex.def Info: Images/hcmut.png  used on input line 615.
(pdftex.def)             Requested size: 28.44864pt x 28.44792pt.
[69]
File: Images/hcmut.png Graphic file (type png)
<use Images/hcmut.png>
Package pdftex.def Info: Images/hcmut.png  used on input line 640.
(pdftex.def)             Requested size: 28.44864pt x 28.44792pt.
 [70]
File: Images/hcmut.png Graphic file (type png)
<use Images/hcmut.png>
Package pdftex.def Info: Images/hcmut.png  used on input line 677.
(pdftex.def)             Requested size: 28.44864pt x 28.44792pt.
 [71]
File: Images/hcmut.png Graphic file (type png)
<use Images/hcmut.png>
Package pdftex.def Info: Images/hcmut.png  used on input line 725.
(pdftex.def)             Requested size: 28.44864pt x 28.44792pt.
 [72]
<Images/system_arch.png, id=1160, 5040.8325pt x 6647.83624pt>
File: Images/system_arch.png Graphic file (type png)
<use Images/system_arch.png>
Package pdftex.def Info: Images/system_arch.png  used on input line 1015.
(pdftex.def)             Requested size: 409.71692pt x 540.25711pt.
File: Images/hcmut.png Graphic file (type png)
<use Images/hcmut.png>
Package pdftex.def Info: Images/hcmut.png  used on input line 1020.
(pdftex.def)             Requested size: 28.44864pt x 28.44792pt.
 [73]
File: Images/hcmut.png Graphic file (type png)
<use Images/hcmut.png>
Package pdftex.def Info: Images/hcmut.png  used on input line 1031.
(pdftex.def)             Requested size: 28.44864pt x 28.44792pt.
 [74 <./Images/system_arch.png>]
Underfull \hbox (badness 10000) in paragraph at lines 1043--1044

 []


Underfull \hbox (badness 10000) in paragraph at lines 1045--1046

 []


Underfull \hbox (badness 10000) in paragraph at lines 1047--1048

 []


Underfull \hbox (badness 10000) in paragraph at lines 1052--1054

 []

File: Images/hcmut.png Graphic file (type png)
<use Images/hcmut.png>
Package pdftex.def Info: Images/hcmut.png  used on input line 1056.
(pdftex.def)             Requested size: 28.44864pt x 28.44792pt.
[75]
<Images/fe_search.png, id=1182, 1444.64719pt x 653.44125pt>
File: Images/fe_search.png Graphic file (type png)
<use Images/fe_search.png>
Package pdftex.def Info: Images/fe_search.png  used on input line 1063.
(pdftex.def)             Requested size: 455.24411pt x 205.91484pt.
<Images/be_log.png, id=1183, 815.29594pt x 408.02437pt>
File: Images/be_log.png Graphic file (type png)
<use Images/be_log.png>
Package pdftex.def Info: Images/be_log.png  used on input line 1069.
(pdftex.def)             Requested size: 455.24411pt x 227.83214pt.

Underfull \hbox (badness 10000) in paragraph at lines 1080--1081

 []

File: Images/hcmut.png Graphic file (type png)
<use Images/hcmut.png>
Package pdftex.def Info: Images/hcmut.png  used on input line 1081.
(pdftex.def)             Requested size: 28.44864pt x 28.44792pt.
[76 <./Images/fe_search.png> <./Images/be_log.png>]
Underfull \hbox (badness 10000) in paragraph at lines 1082--1083

 []


Underfull \hbox (badness 10000) in paragraph at lines 1084--1085

 []


Underfull \hbox (badness 10000) in paragraph at lines 1086--1087

 []

)
File: Images/hcmut.png Graphic file (type png)
<use Images/hcmut.png>
Package pdftex.def Info: Images/hcmut.png  used on input line 381.
(pdftex.def)             Requested size: 28.44864pt x 28.44792pt.
 [77] (./Contents/HuongPhatTrien.tex
Ch\uhorn \ohorn ng 5.
[78

]
File: Images/hcmut.png Graphic file (type png)
<use Images/hcmut.png>
Package pdftex.def Info: Images/hcmut.png  used on input line 31.
(pdftex.def)             Requested size: 28.44864pt x 28.44792pt.
 [79]
File: Images/hcmut.png Graphic file (type png)
<use Images/hcmut.png>
Package pdftex.def Info: Images/hcmut.png  used on input line 45.
(pdftex.def)             Requested size: 28.44864pt x 28.44792pt.
 [80]) (./Outro/TaiLieuThamKhao.tex
File: Images/hcmut.png Graphic file (type png)
<use Images/hcmut.png>
Package pdftex.def Info: Images/hcmut.png  used on input line 2.
(pdftex.def)             Requested size: 28.44864pt x 28.44792pt.
 [81] [82

]
Underfull \hbox (badness 1424) in paragraph at lines 62--63
[]\T5/ptm/m/n/13 (+20) Maciej Kula (2015). \T5/ptm/m/it/13 (+20) Metadata Embeddings for User and Item Cold-start
 []

File: Images/hcmut.png Graphic file (type png)
<use Images/hcmut.png>
Package pdftex.def Info: Images/hcmut.png  used on input line 85.
(pdftex.def)             Requested size: 28.44864pt x 28.44792pt.
[83]
File: Images/hcmut.png Graphic file (type png)
<use Images/hcmut.png>
Package pdftex.def Info: Images/hcmut.png  used on input line 124.
(pdftex.def)             Requested size: 28.44864pt x 28.44792pt.
 [84])
File: Images/hcmut.png Graphic file (type png)
<use Images/hcmut.png>
Package pdftex.def Info: Images/hcmut.png  used on input line 386.
(pdftex.def)             Requested size: 28.44864pt x 28.44792pt.
 [85
pdfTeX warning (ext4): destination with the same identifier (name{cite.43}) has been already used, duplicate ignored
<argument> ...shipout:D \box_use:N \l_shipout_box 
                                                  \__shipout_drop_firstpage_...
l.386 \end{document}
                    
pdfTeX warning (ext4): destination with the same identifier (name{cite.44}) has been already used, duplicate ignored
<argument> ...shipout:D \box_use:N \l_shipout_box 
                                                  \__shipout_drop_firstpage_...
l.386 \end{document}
                    ] 
enddocument/afterlastpage (AED): lastpage setting LastPage.
(./main.aux)
 ***********
LaTeX2e <2025-11-01>
L3 programming layer <2025-11-14>
 ***********


LaTeX Font Warning: Size substitutions with differences
(Font)              up to 1.0pt have occurred.


LaTeX Warning: There were undefined references.


LaTeX Warning: There were multiply-defined labels.

Package rerunfilecheck Info: File `main.out' has not changed.
(rerunfilecheck)             Checksum: 792377069F107174B42ED3DB9D79D795;18216.
 ) 
Here is how much of TeX's memory you used:
 39084 strings out of 467538
 758960 string characters out of 5423725
 1368729 words of memory out of 5000000
 66421 multiletter control sequences out of 15000+600000
 766983 words of font info for 432 fonts, out of 8000000 for 9000
 1141 hyphenation exceptions out of 8191
 84i,26n,117p,2708b,1314s stack positions out of 10000i,1000n,20000p,200000b,200000s
<c:/texlive/2025/texmf-dist/fonts/type1/public/amsfonts/cm/cmex10.pfb><c:/texlive/2025/texmf-dist/fonts/type1/public/amsfonts/cm/cmmi10.pfb><c:/texlive/2025/texmf-dist/fonts/type1/public/amsfonts/cm/cmr10.pfb><c:/texlive/2025/texmf-dist/fonts/type1/public/amsfonts/cm/cmsy10.pfb><c:/texlive/2025/texmf-dist/fonts/type1/public/amsfonts/symbols/msbm10.pfb><c:/texlive/2025/texmf-dist/fonts/type1/public/rsfs/rsfs10.pfb><c:/texlive/2025/texmf-dist/fonts/type1/urw/symbol/usyr.pfb><c:/texlive/2025/texmf-dist/fonts/type1/urw/symbol/usyr.pfb><c:/texlive/2025/texmf-dist/fonts/type1/urw/times/utmb8a.pfb><c:/texlive/2025/texmf-dist/fonts/type1/vntex/urwvn/utmb8v.pfb><c:/texlive/2025/texmf-dist/fonts/type1/urw/times/utmr8a.pfb><c:/texlive/2025/texmf-dist/fonts/type1/vntex/urwvn/utmr8v.pfb><c:/texlive/2025/texmf-dist/fonts/type1/urw/times/utmri8a.pfb><c:/texlive/2025/texmf-dist/fonts/type1/vntex/urwvn/utmri8v.pfb><c:/texlive/2025/texmf-dist/fonts/type1/vntex/vnr/vntt10.pfb><c:/texlive/2025/texmf-dist/fonts/type1/vntex/vnr/vntt12.pfb>
Output written on main.pdf (97 pages, 3753030 bytes).
PDF statistics:
 1488 PDF objects out of 1728 (max. 8388607)
 1302 compressed objects within 14 object streams
 350 named destinations out of 1000 (max. 500000)
 101630 words of extra memory for PDF output out of 106986 (max. 10000000)

